Context,Tier,Line,Notes
Home Header - Empty Watching,Minimal,"Nothing in progress. Currently Watching is empty.","Clean and neutral"
Home Header - Empty Watching,Minimal,"No shows are currently active.","Simple status"
Home Header - Empty Watching,Minimal,"Your Currently Watching list is empty.","Direct and clear"
Home Header - Empty Watching,Minimal,"Start watching something to see it here.","Gentle prompt"
Home Header - Empty Watching,Minimal,"Currently Watching section is clear.","Factual"
Home Header - Empty Watching,Minimal,"No active titles at the moment.","Neutral"
Home Header - Empty Watching,Minimal,"The watching queue is empty.","Simple"
Home Header - Empty Watching,Minimal,"Nothing is in progress right now.","Clear"
Home Header - Empty Watching,Minimal,"Ready to add your first active show?","Encouraging"
Home Header - Empty Watching,Minimal,"Currently Watching is waiting for you.","Friendly"
Home Header - Empty Watching,Minimal,"No shows marked as in progress.","Factual"
Home Header - Empty Watching,Minimal,"Your active watching list is empty.","Direct"
Home Header - Empty Watching,Minimal,"Begin a new series to fill this space.","Helpful"
Home Header - Empty Watching,Minimal,"Nothing happening in Currently Watching.","Neutral"
Home Header - Empty Watching,Minimal,"The section is clear for new additions.","Simple"
Home Header - Empty Watching,Standard,"No active shows right now. Pick something when you're ready.","Friendly nudge"
Home Header - Empty Watching,Standard,"Currently Watching is blank. Time to change that?","Light encouragement"
Home Header - Empty Watching,Standard,"Nothing in progress yet. The couch remains undefeated.","Witty safe"
Home Header - Empty Watching,Standard,"Your watching queue is empty. Browse for your next binge.","Helpful"
Home Header - Empty Watching,Standard,"Ready to start something new?","Encouraging"
Home Header - Empty Watching,Standard,"No shows in progress. Plenty of options await.","Optimistic"
Home Header - Empty Watching,Standard,"The queue is open for your next favorite.","Friendly"
Home Header - Empty Watching,Standard,"Currently Watching awaits your selection.","Gentle"
Home Header - Empty Watching,Standard,"Nothing active yet. Discovery mode engaged.","Playful"
Home Header - Empty Watching,Standard,"Time to fill this space with something great.","Motivating"
Home Header - Empty Watching,Standard,"Your active list is empty. Let's fix that.","Helpful"
Home Header - Empty Watching,Standard,"No in-progress shows. The perfect moment to choose.","Relaxed"
Home Header - Empty Watching,Standard,"Currently Watching is quiet. What will break the silence?","Curious"
Home Header - Empty Watching,Standard,"Empty queue means more room for surprises.","Positive"
Home Header - Empty Watching,Standard,"Nothing in progress. Your next binge is calling.","Inviting"
Home Header - Empty Watching,Maximum,"Currently Watching is empty. Your couch is winning by forfeit.","Edgy"
Home Header - Empty Watching,Maximum,"Zero shows in progress. Bold commitment to option paralysis.","Sarcastic"
Home Header - Empty Watching,Maximum,"Watching nothing. Tracking everything. Peak archivist behavior.","Self-aware"
Home Header - Empty Watching,Maximum,"Nothing in progress. An impressive amount of television is happening nowhere.","Dry humor"
Home Header - Empty Watching,Maximum,"Your active queue contains exactly zero shows. Decision paralysis is truly Olympic-level.","Sharp"
Home Header - Empty Watching,Maximum,"The couch remains undefeated. Again.","Ironic"
Home Header - Empty Watching,Maximum,"Currently Watching is empty. Impressive dedication to avoidance.","Dark"
Home Header - Empty Watching,Maximum,"Zero active titles. You're collecting dust instead of episodes.","Crude"
Home Header - Empty Watching,Maximum,"Nothing in progress. The void stares back at your queue.","Philosophical edgy"
Home Header - Empty Watching,Maximum,"Your watching list is so empty it echoes with regret.","Sarcastic"
Home Header - Empty Watching,Maximum,"Bold move leaving this blank. The algorithm is judging you.","Meta"
Home Header - Empty Watching,Maximum,"No shows in progress. Master-level procrastination detected.","Sharp"
Home Header - Empty Watching,Maximum,"Currently Watching: the sound of silence and bad decisions.","Dark humor"
Home Header - Empty Watching,Maximum,"Empty active queue. You're basically a professional browser.","Self-deprecating"
Home Header - Empty Watching,Maximum,"Nothing happening here. The TV gods are disappointed.","Ironic"
Home Header - Empty Watching,Maximum,"Zero in progress. This is peak 'I'll start tomorrow' energy.","Relatable"
Home Header - Huge Want / Tiny Watching,Minimal,"You are collecting more shows than you're watching.","Factual"
Home Header - Huge Want / Tiny Watching,Minimal,"Your Want list is growing steadily.","Positive"
Home Header - Huge Want / Tiny Watching,Minimal,"Lots queued for later.","Simple"
Home Header - Huge Want / Tiny Watching,Minimal,"Want list is active.","Clear"
Home Header - Huge Want / Tiny Watching,Minimal,"Many titles saved for future viewing.","Neutral"
Home Header - Huge Want / Tiny Watching,Minimal,"Your Want list has several entries.","Factual"
Home Header - Huge Want / Tiny Watching,Minimal,"Plenty saved for later.","Simple"
Home Header - Huge Want / Tiny Watching,Minimal,"Collection for future watches is building.","Positive"
Home Header - Huge Want / Tiny Watching,Minimal,"Want list continues to expand.","Observant"
Home Header - Huge Want / Tiny Watching,Minimal,"Good number of titles queued.","Encouraging"
Home Header - Huge Want / Tiny Watching,Minimal,"Your future viewing plans are set.","Friendly"
Home Header - Huge Want / Tiny Watching,Minimal,"Lots in the Want category.","Clear"
Home Header - Huge Want / Tiny Watching,Minimal,"Saved many for later viewing.","Factual"
Home Header - Huge Want / Tiny Watching,Minimal,"Want list is well populated.","Positive"
Home Header - Huge Want / Tiny Watching,Minimal,"Future watches are queued up.","Simple"
Home Header - Huge Want / Tiny Watching,Standard,"Your Want list is doing the heavy lifting.","Playful"
Home Header - Huge Want / Tiny Watching,Standard,"You're collecting shows faster than you can watch them.","Relatable"
Home Header - Huge Want / Tiny Watching,Standard,"Huge Want list. Tiny Watching queue.","Witty contrast"
Home Header - Huge Want / Tiny Watching,Standard,"Your schedule may disagree with this Want list size.","Gentle roast"
Home Header - Huge Want / Tiny Watching,Standard,"Impressive collection for future viewing.","Positive"
Home Header - Huge Want / Tiny Watching,Standard,"The Want list is carrying the team right now.","Fun"
Home Header - Huge Want / Tiny Watching,Standard,"Lots saved. Time will tell when you get to them.","Realistic"
Home Header - Huge Want / Tiny Watching,Standard,"Strong Want list game.","Complimentary"
Home Header - Huge Want / Tiny Watching,Standard,"Future binges are well prepared.","Optimistic"
Home Header - Huge Want / Tiny Watching,Standard,"Your Want list has big plans.","Playful"
Home Header - Huge Want / Tiny Watching,Standard,"Collecting faster than consuming. Classic move.","Witty"
Home Header - Huge Want / Tiny Watching,Standard,"The queue for later is impressive.","Encouraging"
Home Header - Huge Want / Tiny Watching,Standard,"Want list is thriving.","Positive"
Home Header - Huge Want / Tiny Watching,Standard,"Plenty of potential watches lined up.","Friendly"
Home Header - Huge Want / Tiny Watching,Maximum,"Your Want list has become a full retirement plan, you optimistic bastard.","Edgy"
Home Header - Huge Want / Tiny Watching,Maximum,"At this pace you'll finish sometime after the heat death of the universe.","Dark"
Home Header - Huge Want / Tiny Watching,Maximum,"You are not building a watchlist. You are constructing a television mausoleum.","Dramatic"
Home Header - Huge Want / Tiny Watching,Maximum,"Several streaming executives just nutted from how optimistic this backlog is.","Crude funny"
Home Header - Huge Want / Tiny Watching,Maximum,"The Want list stopped being a list and started becoming civil infrastructure.","Exaggerated"
Home Header - Huge Want / Tiny Watching,Maximum,"Hope you live forever with this level of optimism.","Sarcastic"
Home Header - Huge Want / Tiny Watching,Maximum,"This backlog could outlast several streaming services.","Dark"
Home Header - Huge Want / Tiny Watching,Maximum,"Your Want list is now its own economy. Congrats on the GDP.","Sarcastic"
Home Header - Huge Want / Tiny Watching,Maximum,"Collecting shows like they're going out of style... forever.","Ironic"
Home Header - Huge Want / Tiny Watching,Maximum,"The Want list is so massive it has its own zip code.","Exaggerated"
Home Header - Huge Want / Tiny Watching,Maximum,"Optimism level: expert. Completion level: theoretical.","Sharp"
Home Header - Huge Want / Tiny Watching,Maximum,"You're building the Library of Alexandria but for unwatched TV.","Poetic"
Home Header - Huge Want / Tiny Watching,Maximum,"This Want list has commitment issues with your calendar.","Crude"
Home Header - Huge Want / Tiny Watching,Maximum,"Future you is going to hate present you for this.","Dark humor"
Home Header - Huge Want / Tiny Watching,Maximum,"The backlog is ambitious. Borderline delusional.","Edgy"
Home Header - Huge Want / Tiny Watching,Maximum,"Want list: where dreams of free time go to die.","Sarcastic"
Home Header - Heavy Watched,Minimal,"You have finished many titles.","Factual"
Home Header - Heavy Watched,Minimal,"High completion rate.","Positive"
Home Header - Heavy Watched,Minimal,"You've marked a lot as watched.","Clear"
Home Header - Heavy Watched,Minimal,"Strong watching history.","Neutral"
Home Header - Heavy Watched,Minimal,"Many titles completed.","Factual"
Home Header - Heavy Watched,Minimal,"Good number of finishes.","Positive"
Home Header - Heavy Watched,Minimal,"Impressive completion count.","Encouraging"
Home Header - Heavy Watched,Minimal,"You've watched quite a few.","Simple"
Home Header - Heavy Watched,Minimal,"Lots marked as finished.","Clear"
Home Header - Heavy Watched,Minimal,"High volume of completed shows.","Factual"
Home Header - Heavy Watched,Minimal,"Completion history is solid.","Positive"
Home Header - Heavy Watched,Minimal,"Many shows crossed off.","Neutral"
Home Header - Heavy Watched,Minimal,"Strong track record of finishing.","Encouraging"
Home Header - Heavy Watched,Minimal,"Finished titles add up nicely.","Friendly"
Home Header - Heavy Watched,Minimal,"You've accomplished a lot in watching.","Positive"
Home Header - Heavy Watched,Standard,"You've finished a lot more than most people.","Complimentary"
Home Header - Heavy Watched,Standard,"Strong completion habit detected.","Appreciative"
Home Header - Heavy Watched,Standard,"Flicket sees a completionist.","Playful"
Home Header - Heavy Watched,Standard,"Impressive number of finished titles.","Encouraging"
Home Header - Heavy Watched,Standard,"You're knocking out shows left and right.","Fun"
Home Header - Heavy Watched,Standard,"Solid completion rate.","Positive"
Home Header - Heavy Watched,Standard,"Many titles successfully watched.","Appreciative"
Home Header - Heavy Watched,Standard,"Completionist vibes detected.","Witty"
Home Header - Heavy Watched,Standard,"You've powered through a great many shows.","Complimentary"
Home Header - Heavy Watched,Standard,"The finished pile is growing nicely.","Encouraging"
Home Header - Heavy Watched,Standard,"Strong history of wrapping up series.","Positive"
Home Header - Heavy Watched,Standard,"Lots of completed watches. Well done.","Friendly"
Home Header - Heavy Watched,Standard,"Impressive dedication to finishing.","Motivating"
Home Header - Heavy Watched,Standard,"Your watched list is impressive.","Complimentary"
Home Header - Heavy Watched,Maximum,"You've watched enough TV to qualify for an honorary degree in avoidance.","Sarcastic"
Home Header - Heavy Watched,Maximum,"Somewhere a streaming CFO calls you a whale with respect.","Industry roast"
Home Header - Heavy Watched,Maximum,"This finish rate suggests impressive discipline or deeply specific avoidance behaviors.","Insightful"
Home Header - Heavy Watched,Maximum,"You actually finish shows. The rest of us find this unsettling.","Community roast"
Home Header - Heavy Watched,Maximum,"Congrats. You've watched more seasons than most relationships survive.","Dark humor"
Home Header - Heavy Watched,Maximum,"Flicket is impressed. Most people just add to the pile.","Dry"
Home Header - Heavy Watched,Maximum,"This many finishes should come with a participation trophy.","Sarcastic"
Home Header - Heavy Watched,Maximum,"You're the closer. Most of us are just starters.","Edgy"
Home Header - Heavy Watched,Maximum,"Completion rate this high is basically a superpower.","Ironic"
Home Header - Heavy Watched,Maximum,"You've binged more than some people experience life.","Dark"
Home Header - Heavy Watched,Maximum,"The watched list is longer than most attention spans.","Sharp"
Home Header - Heavy Watched,Maximum,"Respect for actually finishing shit.","Crude"
Home Header - Heavy Watched,Maximum,"Streaming services thank you for your service.","Sarcastic"
Home Header - Heavy Watched,Maximum,"This completion level is rare and slightly terrifying.","Edgy"
Home Header - Heavy Watched,Maximum,"You've turned watching into an extreme sport.","Humorous"
Home Marquee - Rotating,Minimal,"Your Want list grows when you browse.","Observation"
Home Marquee - Rotating,Minimal,"One more episode is tempting.","Relatable"
Home Marquee - Rotating,Minimal,"Finished counts when marked.","Reminder"
Home Marquee - Rotating,Minimal,"Returning shows matter if tracked.","Practical"
Home Marquee - Rotating,Minimal,"Keep building your lists.","Encouraging"
Home Marquee - Rotating,Minimal,"Browse to discover more.","Simple"
Home Marquee - Rotating,Minimal,"Lists help organize your viewing.","Helpful"
Home Marquee - Rotating,Minimal,"Track your progress regularly.","Friendly"
Home Marquee - Rotating,Minimal,"Add to Want for later.","Neutral"
Home Marquee - Rotating,Minimal,"Mark as watched when done.","Clear"
Home Marquee - Rotating,Minimal,"Your library is growing.","Positive"
Home Marquee - Rotating,Minimal,"Stay on top of new releases.","Practical"
Home Marquee - Rotating,Minimal,"Enjoy your next watch.","Inviting"
Home Marquee - Rotating,Minimal,"Flicket is here to help track.","Supportive"
Home Marquee - Rotating,Minimal,"Build your perfect list.","Encouraging"
Home Marquee - Rotating,Standard,"Flicket tracks habits, not hype.","Meta"
Home Marquee - Rotating,Standard,"Saved for later is a solid strategy.","Encouraging"
Home Marquee - Rotating,Standard,"Your lists remember what you forgot.","Helpful"
Home Marquee - Rotating,Standard,"The queue is a mood board with consequences.","Witty"
Home Marquee - Rotating,Standard,"Browsing leads to bigger lists.","Observant"
Home Marquee - Rotating,Standard,"Progress feels good when tracked.","Motivating"
Home Marquee - Rotating,Standard,"Your taste is coming into focus.","Complimentary"
Home Marquee - Rotating,Standard,"Every mark updates the story.","Insightful"
Home Marquee - Rotating,Standard,"The lists tell your viewing journey.","Poetic"
Home Marquee - Rotating,Standard,"Keep the momentum going.","Encouraging"
Home Marquee - Rotating,Standard,"Flicket notices your patterns.","Playful"
Home Marquee - Rotating,Standard,"Good choices shape great lists.","Positive"
Home Marquee - Rotating,Standard,"The dashboard reflects your journey.","Reflective"
Home Marquee - Rotating,Standard,"Discovery never ends.","Optimistic"
Home Marquee - Rotating,Maximum,"Browsing has consumed more hours than several completed series. Sunk cost is real.","Honest"
Home Marquee - Rotating,Maximum,"The queue grows quietly, like mold, debt, or untreated anxiety.","Dark"
Home Marquee - Rotating,Maximum,"Nobody intended seventeen things 'Up Next.' It just happened. Like most bad decisions.","Relatable edgy"
Home Marquee - Rotating,Maximum,"Streaming services confuse 'available' with 'you will ever fucking watch this.'","Sharp"
Home Marquee - Rotating,Maximum,"Every watchlist eventually becomes archaeology. Future civilizations will study yours.","Poetic"
Home Marquee - Rotating,Maximum,"Your backlog is evolving into its own ecosystem.","Weird"
Home Marquee - Rotating,Maximum,"The algorithm is optimistic. Your free time is not.","Sarcastic"
Home Marquee - Rotating,Maximum,"This many saved titles is either ambition or denial.","Edgy"
Home Marquee - Rotating,Maximum,"Television was supposed to save time somehow. Bold lie.","Dark"
Home Marquee - Rotating,Maximum,"Your queue has more plot twists than most shows.","Witty"
Home Marquee - Rotating,Maximum,"Browsing is easy. Finishing is the plot hole.","Sharp"
Home Marquee - Rotating,Maximum,"The Want list laughs at your calendar.","Ironic"
Home Marquee - Rotating,Maximum,"Future you will deal with this mess. Present you is thriving.","Sarcastic"
Home Marquee - Rotating,Maximum,"This backlog could fund a small country's streaming budget.","Exaggerated"
Home Marquee - Rotating,Maximum,"The lists grow while your weekends shrink.","Dark humor"
Empty States - Empty Want,Minimal,"Want To Watch is empty.","Direct"
Empty States - Empty Want,Minimal,"Nothing saved for later yet.","Clear"
Empty States - Empty Want,Minimal,"No future plans queued.","Neutral"
Empty States - Empty Want,Minimal,"Add some shows to your Want list.","Prompt"
Empty States - Empty Want,Minimal,"Want list awaits your picks.","Friendly"
Empty States - Empty Want,Minimal,"No titles saved for later.","Simple"
Empty States - Empty Want,Minimal,"Start building your future watches.","Encouraging"
Empty States - Empty Want,Minimal,"Empty Want section.","Factual"
Empty States - Empty Want,Minimal,"Ready to queue some titles?","Helpful"
Empty States - Empty Want,Minimal,"Nothing in Want To Watch.","Clear"
Empty States - Empty Want,Minimal,"Build your later list here.","Simple"
Empty States - Empty Want,Minimal,"No saved titles yet.","Neutral"
Empty States - Empty Want,Minimal,"The Want list is clear.","Direct"
Empty States - Empty Want,Minimal,"Add favorites for later.","Inviting"
Empty States - Empty Want,Minimal,"Future viewing starts here.","Positive"
Empty States - Empty Want,Standard,"Want To Watch is empty. Nothing saved for later yet.","Friendly"
Empty States - Empty Want,Standard,"An empty Want list is rare. Most hoard possibilities.","Observant"
Empty States - Empty Want,Standard,"This level of restraint is impressive.","Positive"
Empty States - Empty Want,Standard,"Time to add some future watches?","Helpful"
Empty States - Empty Want,Standard,"Your Want list is waiting to be filled.","Encouraging"
Empty States - Empty Want,Standard,"No future plans yet. Plenty of time to choose.","Relaxed"
Empty States - Empty Want,Standard,"Empty Want means open possibilities.","Optimistic"
Empty States - Empty Want,Standard,"Ready to start your Want collection?","Inviting"
Empty States - Empty Want,Standard,"The perfect moment to plan ahead.","Helpful"
Empty States - Empty Want,Standard,"Nothing queued. Let's change that.","Motivating"
Empty States - Empty Want,Standard,"Want list is blank and beautiful.","Playful"
Empty States - Empty Want,Standard,"No saved titles. Discovery awaits.","Friendly"
Empty States - Empty Want,Standard,"Build your ideal future lineup.","Positive"
Empty States - Empty Want,Standard,"Empty for now. Full of potential.","Encouraging"
Empty States - Empty Want,Maximum,"Nothing saved for later. Either enlightenment or catastrophic lack of ambition.","Edgy"
Empty States - Empty Want,Maximum,"Empty Want list = temporary amnesia or dangerous levels of being caught up.","Sarcastic"
Empty States - Empty Want,Maximum,"This level of restraint is statistically suspicious. The algorithm is worried.","Funny"
Empty States - Empty Want,Maximum,"No future plans. Living dangerously.","Ironic"
Empty States - Empty Want,Maximum,"The Want list is so empty it echoes.","Dramatic"
Empty States - Empty Want,Maximum,"Zero safety net. Pure chaos viewing.","Edgy"
Empty States - Empty Want,Maximum,"No Want list. Bold. Reckless. Iconic.","Sharp"
Empty States - Empty Want,Maximum,"This emptiness is either zen or a cry for help.","Dark humor"
Empty States - Empty Want,Maximum,"The algorithm misses your future self's plans.","Sarcastic"
Empty States - Empty Want,Maximum,"Living with no backup plan. Respect the bravery.","Ironic"
Empty States - Empty Want,Maximum,"Want list: currently on vacation from reality.","Weird"
Empty States - Empty Want,Maximum,"No queued titles. The void is judging softly.","Poetic"
Empty States - Empty Want,Maximum,"Empty Want = master of spontaneity or professional delayer.","Sharp"
Empty States - Empty Want,Maximum,"The future is unwritten and unqueued.","Philosophical"
Empty States - Empty Watched,Minimal,"Nothing marked watched yet.","Factual"
Empty States - Empty Watched,Minimal,"No completions logged.","Simple"
Empty States - Empty Watched,Minimal,"Watched list is empty.","Clear"
Empty States - Empty Watched,Minimal,"Start marking finishes here.","Prompt"
Empty States - Empty Watched,Minimal,"No titles completed yet.","Neutral"
Empty States - Empty Watched,Minimal,"Watched history starts now.","Encouraging"
Empty States - Empty Watched,Minimal,"Mark your first finish.","Helpful"
Empty States - Empty Watched,Minimal,"Empty watched section.","Factual"
Empty States - Empty Watched,Minimal,"Begin logging completions.","Simple"
Empty States - Empty Watched,Minimal,"Nothing finished logged.","Clear"
Empty States - Empty Watched,Minimal,"Your watched list awaits entries.","Friendly"
Empty States - Empty Watched,Minimal,"Start building completion history.","Positive"
Empty States - Empty Watched,Minimal,"No watched titles yet.","Direct"
Empty States - Empty Watched,Minimal,"Log your finishes here.","Helpful"
Empty States - Empty Watched,Minimal,"Completion log is clear.","Neutral"
Empty States - Empty Watched,Standard,"Nothing marked watched. What have you finished?","Gentle"
Empty States - Empty Watched,Standard,"Empty completion log. Time to change that.","Motivating"
Empty States - Empty Watched,Standard,"History starts when you mark your first finish.","Encouraging"
Empty States - Empty Watched,Standard,"Your watched list awaits your first entry.","Friendly"
Empty States - Empty Watched,Standard,"No completions yet. Let's get started.","Optimistic"
Empty States - Empty Watched,Standard,"The watched section is ready for you.","Helpful"
Empty States - Empty Watched,Standard,"Time to celebrate some finishes.","Fun"
Empty States - Empty Watched,Standard,"Build your completion story.","Creative"
Empty States - Empty Watched,Standard,"Nothing logged yet. Plenty ahead.","Positive"
Empty States - Empty Watched,Standard,"Your first watched title is waiting.","Inviting"
Empty States - Empty Watched,Standard,"Empty for now. Growth incoming.","Encouraging"
Empty States - Empty Watched,Standard,"Mark those wins.","Motivating"
Empty States - Empty Watched,Standard,"History is blank. Make it interesting.","Playful"
Empty States - Empty Watched,Standard,"The log is open for business.","Friendly"
Empty States - Empty Watched,Maximum,"According to this app, you've never finished shit. Bold claim.","Edgy"
Empty States - Empty Watched,Maximum,"Nothing marked watched. History will remember you as the void.","Dark"
Empty States - Empty Watched,Maximum,"Empty completion log. The records department has questions.","Humorous"
Empty States - Empty Watched,Maximum,"Your accomplishments remain entirely anecdotal.","Sarcastic"
Empty States - Empty Watched,Maximum,"Bold strategy: watch nothing, finish nothing.","Ironic"
Empty States - Empty Watched,Maximum,"The watched list is as empty as your promises to finish.","Sharp"
Empty States - Empty Watched,Maximum,"No completions. The ultimate plot twist.","Dark humor"
Empty States - Empty Watched,Maximum,"History department called. They want receipts.","Sarcastic"
Empty States - Empty Watched,Maximum,"You've started many things. Finished... none.","Edgy"
Empty States - Empty Watched,Maximum,"This emptiness is a vibe. A concerning vibe.","Ironic"
Empty States - Empty Watched,Maximum,"Records show zero fucks given to completion.","Crude"
Empty States - Empty Watched,Maximum,"The void has more completed watches than you.","Dark"
Empty States - Empty Watched,Maximum,"Legend says you watch but never finish.","Mythical"
Empty States - Empty Watched,Maximum,"Completion log: professionally blank.","Sarcastic"
Empty States - Empty Watched,Maximum,"Your watched list is in witness protection.","Funny"
Empty States - Empty Up Next,Minimal,"No upcoming shows on the radar.","Neutral"
Empty States - Empty Up Next,Minimal,"Nothing returning right now.","Factual"
Empty States - Empty Up Next,Minimal,"Calendar is clear.","Simple"
Empty States - Empty Up Next,Minimal,"No returning series at the moment.","Clear"
Empty States - Empty Up Next,Minimal,"Up Next is empty.","Direct"
Empty States - Empty Up Next,Minimal,"No scheduled returns.","Neutral"
Empty States - Empty Up Next,Minimal,"Calendar looks peaceful.","Positive"
Empty States - Empty Up Next,Minimal,"Nothing pending in returns.","Simple"
Empty States - Empty Up Next,Minimal,"No upcoming episodes queued.","Factual"
Empty States - Empty Up Next,Minimal,"The radar is quiet.","Friendly"
Empty States - Empty Up Next,Minimal,"Returning shows section clear.","Clear"
Empty States - Empty Up Next,Minimal,"Enjoy the current break.","Encouraging"
Empty States - Empty Up Next,Minimal,"No new episodes imminent.","Neutral"
Empty States - Empty Up Next,Minimal,"Up Next awaits activity.","Helpful"
Empty States - Empty Up Next,Minimal,"Calendar free for now.","Simple"
Empty States - Empty Up Next,Standard,"No returning shows visible on your calendar.","Helpful"
Empty States - Empty Up Next,Standard,"The TV schedule is quiet for now.","Relaxed"
Empty States - Empty Up Next,Standard,"No demands from returning series.","Peaceful"
Empty States - Empty Up Next,Standard,"Enjoy the break in the schedule.","Positive"
Empty States - Empty Up Next,Standard,"Up Next is calm. Recharge time.","Friendly"
Empty States - Empty Up Next,Standard,"Nothing returning. Perfect timing.","Optimistic"
Empty States - Empty Up Next,Standard,"The calendar has room to breathe.","Relaxed"
Empty States - Empty Up Next,Standard,"No active returns. Browse freely.","Helpful"
Empty States - Empty Up Next,Standard,"Peaceful Up Next section.","Positive"
Empty States - Empty Up Next,Standard,"Enjoy this quiet moment.","Encouraging"
Empty States - Empty Up Next,Standard,"Returning shows will appear when ready.","Reassuring"
Empty States - Empty Up Next,Standard,"No pressure from the schedule.","Relaxed"
Empty States - Empty Up Next,Standard,"The radar shows clear skies.","Metaphorical"
Empty States - Empty Up Next,Standard,"Take advantage of the break.","Positive"
Empty States - Empty Up Next,Maximum,"Nothing returning. For once the TV gods are granting mercy.","Sarcastic"
Empty States - Empty Up Next,Maximum,"No upcoming episodes. Nature briefly achieved balance.","Poetic edgy"
Empty States - Empty Up Next,Maximum,"The television calendar has no demands at this time. Enjoy the silence.","Ironic"
Empty States - Empty Up Next,Maximum,"Radar is clear. The calm before the next binge.","Dry"
Empty States - Empty Up Next,Maximum,"No returning shows. Peace was never permanent anyway.","Cynical"
Empty States - Empty Up Next,Maximum,"The schedule gods have forsaken you. Temporarily.","Edgy"
Empty States - Empty Up Next,Maximum,"Up Next: absolutely fucking nothing. Bliss.","Crude"
Empty States - Empty Up Next,Maximum,"Nature is healing. Your queue is not.","Sarcastic"
Empty States - Empty Up Next,Maximum,"This peace won't last. Enjoy it while you can.","Dark humor"
Empty States - Empty Up Next,Maximum,"The TV calendar took a personal day.","Ironic"
Empty States - Empty Up Next,Maximum,"Radar clear. Your excuses are not.","Sharp"
Empty States - Empty Up Next,Maximum,"No episodes demanding attention. Suspicious.","Funny"
Empty States - Empty Up Next,Maximum,"The calm is deafening.","Poetic"
Empty States - Empty Up Next,Maximum,"For now, the shows have mercy on your soul.","Sarcastic"
Empty States - Empty Custom List,Minimal,"This list has no shows yet.","Direct"
Empty States - Empty Custom List,Minimal,"Custom list is empty.","Simple"
Empty States - Empty Custom List,Minimal,"No content in this list.","Clear"
Empty States - Empty Custom List,Minimal,"Add titles to this custom list.","Prompt"
Empty States - Empty Custom List,Minimal,"Populate this list with favorites.","Helpful"
Empty States - Empty Custom List,Minimal,"Custom list awaits your curation.","Friendly"
Empty States - Empty Custom List,Minimal,"No titles added yet.","Neutral"
Empty States - Empty Custom List,Minimal,"Build something unique here.","Encouraging"
Empty States - Empty Custom List,Minimal,"Empty custom category.","Factual"
Empty States - Empty Custom List,Minimal,"Time to fill this list.","Simple"
Empty States - Empty Custom List,Minimal,"Your custom list is blank.","Clear"
Empty States - Empty Custom List,Minimal,"Add shows to personalize.","Helpful"
Empty States - Empty Custom List,Minimal,"This list is ready for you.","Inviting"
Empty States - Empty Custom List,Minimal,"Custom organization starts now.","Positive"
Empty States - Empty Custom List,Minimal,"No entries in this list yet.","Direct"
Empty States - Empty Custom List,Standard,"This list exists but has no shows in it yet.","Factual"
Empty States - Empty Custom List,Standard,"Excellent structure. Now add some shows.","Encouraging"
Empty States - Empty Custom List,Standard,"The shelf is assembled. Books are missing.","Metaphor"
Empty States - Empty Custom List,Standard,"Ready for you to populate this list.","Helpful"
Empty States - Empty Custom List,Standard,"Custom list ready for your vision.","Creative"
Empty States - Empty Custom List,Standard,"Great category. Fill it with gems.","Positive"
Empty States - Empty Custom List,Standard,"The list is set up beautifully.","Complimentary"
Empty States - Empty Custom List,Standard,"Time to bring this list to life.","Motivating"
Empty States - Empty Custom List,Standard,"Empty but full of potential.","Optimistic"
Empty States - Empty Custom List,Standard,"Your custom touch is needed here.","Friendly"
Empty States - Empty Custom List,Standard,"Structure is perfect. Content coming soon.","Witty"
Empty States - Empty Custom List,Standard,"This list is a blank canvas.","Artistic"
Empty States - Empty Custom List,Standard,"Add your personal favorites.","Inviting"
Empty States - Empty Custom List,Standard,"Custom lists shine with your choices.","Positive"
Empty States - Empty Custom List,Maximum,"Custom list with zero shows. Beautiful structure. Zero fucking content.","Edgy"
Empty States - Empty Custom List,Maximum,"Pure administrative ambition with no execution.","Sarcastic"
Empty States - Empty Custom List,Maximum,"This category exists. The content remains theoretical.","Dry"
Empty States - Empty Custom List,Maximum,"Excellent organization. Tragically empty.","Ironic"
Empty States - Empty Custom List,Maximum,"The list is all potential, zero reality.","Philosophical"
Empty States - Empty Custom List,Maximum,"You organized nothing perfectly.","Sharp"
Empty States - Empty Custom List,Maximum,"Shelf looks great. Still no books, coward.","Edgy"
Empty States - Empty Custom List,Maximum,"Custom list: all form, no substance.","Sarcastic"
Empty States - Empty Custom List,Maximum,"This is the most organized void I've seen.","Dark humor"
Empty States - Empty Custom List,Maximum,"Ambition in structure. Execution on vacation.","Ironic"
Empty States - Empty Custom List,Maximum,"Beautiful list. Tragically lonely.","Poetic"
Empty States - Empty Custom List,Maximum,"The category is judging your lack of follow-through.","Sharp"
Empty States - Empty Custom List,Maximum,"Zero content. Peak minimalist kink.","Crude"
Empty States - Empty Custom List,Maximum,"Your custom list is ghosting you.","Funny"
Empty States - Empty Custom List,Maximum,"All setup, no payoff. Classic.","Sarcastic"
For You Intro - Crime,Minimal,"Crime recommendations selected for you.","Neutral"
For You Intro - Crime,Minimal,"Picked crime row for you.","Simple"
For You Intro - Crime,Minimal,"Crime titles for your consideration.","Friendly"
For You Intro - Crime,Minimal,"Explore crime recommendations.","Helpful"
For You Intro - Crime,Minimal,"Crime genre picks ready.","Clear"
For You Intro - Crime,Minimal,"Selected crime shows for you.","Neutral"
For You Intro - Crime,Minimal,"Crime row based on interests.","Personal"
For You Intro - Crime,Minimal,"More crime options here.","Simple"
For You Intro - Crime,Minimal,"Crime recommendations available.","Factual"
For You Intro - Crime,Minimal,"Discover crime titles.","Inviting"
For You Intro - Crime,Minimal,"Your crime picks.","Friendly"
For You Intro - Crime,Minimal,"Crime genre surfaced.","Clear"
For You Intro - Crime,Minimal,"Recommended crime content.","Helpful"
For You Intro - Crime,Minimal,"Crime row for browsing.","Simple"
For You Intro - Crime,Minimal,"Crime suggestions loaded.","Neutral"
For You Intro - Crime,Standard,"Genre lean: crime. Your history shaped this.","Personal"
For You Intro - Crime,Standard,"More crime recs based on your tastes.","Helpful"
For You Intro - Crime,Standard,"Crime recommendations tailored for you.","Friendly"
For You Intro - Crime,Standard,"Dive into crime stories.","Engaging"
For You Intro - Crime,Standard,"Your crime interests highlighted.","Observant"
For You Intro - Crime,Standard,"Crime row ready to explore.","Inviting"
For You Intro - Crime,Standard,"Based on your crime viewing.","Personal"
For You Intro - Crime,Standard,"More in the crime genre.","Helpful"
For You Intro - Crime,Standard,"Crime picks just for you.","Friendly"
For You Intro - Crime,Standard,"Explore these crime titles.","Encouraging"
For You Intro - Crime,Standard,"Crime recommendations incoming.","Playful"
For You Intro - Crime,Standard,"Your taste in crime shows noted.","Meta"
For You Intro - Crime,Standard,"Crime content curated for you.","Positive"
For You Intro - Crime,Standard,"Ready for some intrigue?","Fun"
For You Intro - Crime,Maximum,"More crime recommendations. Fictional murder is basically self-care these days.","Edgy"
For You Intro - Crime,Maximum,"The algorithm thinks your hobby is solving crimes you're too chickenshit to commit.","Sharp"
For You Intro - Crime,Maximum,"Crime row. Because real life isn't dramatic enough.","Sarcastic"
For You Intro - Crime,Maximum,"More ways to watch bad people do bad things. Therapeutic.","Dark humor"
For You Intro - Crime,Maximum,"The algorithm knows you love fictional felonies.","Ironic"
For You Intro - Crime,Maximum,"Crime recs for when the news isn't enough.","Edgy"
For You Intro - Crime,Maximum,"Investigating fictional crimes from your couch. Heroic.","Sarcastic"
For You Intro - Crime,Maximum,"More murder mysteries. Your inner detective approves.","Playful edgy"
For You Intro - Crime,Maximum,"Crime genre: where justice is served cold and scripted.","Sharp"
For You Intro - Crime,Maximum,"The algorithm is enabling your true crime addiction.","Meta"
For You Intro - Crime,Maximum,"Fictional crime sprees recommended. Stay safe out there.","Ironic"
For You Intro - Crime,Maximum,"Crime row: entertainment that won't get you arrested.","Funny"
For You Intro - Crime,Maximum,"More crime. Because who doesn't love a good conspiracy?","Edgy"
For You Intro - Crime,Maximum,"Your crime fix is served.","Crude"
For You Intro - Crime,Maximum,"The system has detected your need for dramatic justice.","Sarcastic"
For You Intro - Sci-Fi,Minimal,"Sci-Fi recommendations ready.","Neutral"
For You Intro - Sci-Fi,Minimal,"Based on sci-fi interest.","Simple"
For You Intro - Sci-Fi,Minimal,"Sci-Fi titles for you.","Friendly"
For You Intro - Sci-Fi,Minimal,"Explore sci-fi options.","Helpful"
For You Intro - Sci-Fi,Minimal,"Sci-fi row selected.","Clear"
For You Intro - Sci-Fi,Minimal,"Sci-Fi picks available.","Neutral"
For You Intro - Sci-Fi,Minimal,"Discover sci-fi worlds.","Inviting"
For You Intro - Sci-Fi,Minimal,"Sci-fi recommendations here.","Simple"
For You Intro - Sci-Fi,Minimal,"Your sci-fi suggestions.","Personal"
For You Intro - Sci-Fi,Minimal,"Sci-Fi genre loaded.","Factual"
For You Intro - Sci-Fi,Minimal,"More sci-fi to explore.","Helpful"
For You Intro - Sci-Fi,Minimal,"Sci-fi content ready.","Clear"
For You Intro - Sci-Fi,Minimal,"Recommended sci-fi titles.","Friendly"
For You Intro - Sci-Fi,Minimal,"Dive into sci-fi.","Engaging"
For You Intro - Sci-Fi,Minimal,"Sci-Fi row for you.","Simple"
For You Intro - Sci-Fi,Standard,"More science fiction. You keep circling this genre.","Observant"
For You Intro - Sci-Fi,Standard,"Sci-fi row surfaced for you.","Friendly"
For You Intro - Sci-Fi,Standard,"Sci-Fi recommendations based on your history.","Personal"
For You Intro - Sci-Fi,Standard,"Explore new sci-fi adventures.","Exciting"
For You Intro - Sci-Fi,Standard,"Your sci-fi taste is strong.","Complimentary"
For You Intro - Sci-Fi,Standard,"More futures await in this row.","Imaginative"
For You Intro - Sci-Fi,Standard,"Sci-fi picks tailored to you.","Helpful"
For You Intro - Sci-Fi,Standard,"Discover these sci-fi gems.","Inviting"
For You Intro - Sci-Fi,Standard,"Sci-Fi genre focus for you.","Focused"
For You Intro - Sci-Fi,Standard,"Your love for sci-fi noted.","Meta"
For You Intro - Sci-Fi,Standard,"More sci-fi wonders to enjoy.","Positive"
For You Intro - Sci-Fi,Standard,"Sci-fi row ready for launch.","Fun"
For You Intro - Sci-Fi,Standard,"Based on your sci-fi preferences.","Personal"
For You Intro - Sci-Fi,Standard,"Enter new sci-fi realms.","Engaging"
For You Intro - Sci-Fi,Maximum,"More sci-fi. Reality continues to fail basic quality control.","Sarcastic"
For You Intro - Sci-Fi,Maximum,"The future remains the most popular escape hatch from this timeline.","Insightful"
For You Intro - Sci-Fi,Maximum,"Sci-fi recs because the present timeline sucks.","Edgy"
For You Intro - Sci-Fi,Maximum,"More spaceships and dystopias. As if 2026 wasn't enough.","Dark humor"
For You Intro - Sci-Fi,Maximum,"The algorithm offers better futures than real life.","Sarcastic"
For You Intro - Sci-Fi,Maximum,"Escape reality with these sci-fi picks.","Ironic"
For You Intro - Sci-Fi,Maximum,"Your sci-fi addiction is noted and encouraged.","Meta"
For You Intro - Sci-Fi,Maximum,"More ways to pretend the future is cool.","Sharp"
For You Intro - Sci-Fi,Maximum,"Sci-fi: where physics and plot go to war.","Witty"
For You Intro - Sci-Fi,Maximum,"The future according to Hollywood. Better than now.","Cynical"
For You Intro - Sci-Fi,Maximum,"Reality called. It wants its quality back.","Edgy"
For You Intro - Sci-Fi,Maximum,"More sci-fi. Buckle up for existential questions.","Deep"
For You Intro - Sci-Fi,Maximum,"Sci-fi row: your ticket out of boring reality.","Fun edgy"
For You Intro - Sci-Fi,Maximum,"The algorithm knows you prefer fictional futures.","Sharp"
For You Intro - Horror,Minimal,"Horror recommendations for you.","Neutral"
For You Intro - Horror,Minimal,"Horror row selected.","Simple"
For You Intro - Horror,Minimal,"Horror titles ready.","Friendly"
For You Intro - Horror,Minimal,"Explore horror options.","Helpful"
For You Intro - Horror,Minimal,"Horror picks for you.","Clear"
For You Intro - Horror,Minimal,"Horror genre surfaced.","Neutral"
For You Intro - Horror,Minimal,"Discover scary stories.","Inviting"
For You Intro - Horror,Minimal,"More horror here.","Simple"
For You Intro - Horror,Minimal,"Your horror recommendations.","Personal"
For You Intro - Horror,Minimal,"Horror content loaded.","Factual"
For You Intro - Horror,Minimal,"Horror row available.","Clear"
For You Intro - Horror,Minimal,"Recommended horror titles.","Helpful"
For You Intro - Horror,Minimal,"Get spooked with these.","Fun"
For You Intro - Horror,Minimal,"Horror suggestions ready.","Friendly"
For You Intro - Horror,Minimal,"Dive into horror.","Engaging"
For You Intro - Horror,Standard,"Horror recommendations. Your tastes leaned this way.","Personal"
For You Intro - Horror,Standard,"Not on lists yet? Horror surfaced for browsing.","Helpful"
For You Intro - Horror,Standard,"Horror picks based on your activity.","Observant"
For You Intro - Horror,Standard,"Ready for some chills?","Fun"
For You Intro - Horror,Standard,"Your horror side is showing.","Playful"
For You Intro - Horror,Standard,"Explore these frightening titles.","Inviting"
For You Intro - Horror,Standard,"Horror genre focus activated.","Focused"
For You Intro - Horror,Standard,"More scares tailored for you.","Personal"
For You Intro - Horror,Standard,"Horror row for your enjoyment.","Friendly"
For You Intro - Horror,Standard,"Discover new horror gems.","Exciting"
For You Intro - Horror,Standard,"Your taste for horror noted.","Meta"
For You Intro - Horror,Standard,"Horror recommendations just for you.","Positive"
For You Intro - Horror,Standard,"Time for some tension.","Engaging"
For You Intro - Horror,Standard,"Horror content curated.","Helpful"
For You Intro - Horror,Maximum,"Horror recommendations. Everyday life wasn’t scary enough already.","Edgy"
For You Intro - Horror,Maximum,"Apparently your daily anxiety needed a cinematic soundtrack.","Dark"
For You Intro - Horror,Maximum,"Horror row because the real world is too tame.","Sarcastic"
For You Intro - Horror,Maximum,"More nightmares to enjoy from the safety of your couch.","Ironic"
For You Intro - Horror,Maximum,"The algorithm knows your love for suffering.","Sharp"
For You Intro - Horror,Maximum,"Horror: making your problems seem small since forever.","Dark humor"
For You Intro - Horror,Maximum,"More terror. As if taxes weren't enough.","Edgy"
For You Intro - Horror,Maximum,"Your inner masochist called. Horror row delivered.","Crude"
For You Intro - Horror,Maximum,"Horror recs for when you want to feel something.","Sarcastic"
For You Intro - Horror,Maximum,"The genre that makes monsters look friendly.","Witty"
For You Intro - Horror,Maximum,"More horror. Sleep is overrated anyway.","Ironic"
For You Intro - Horror,Maximum,"Horror row: therapy you pay for with adrenaline.","Meta"
For You Intro - Horror,Maximum,"Because happy endings are boring.","Edgy"
For You Intro - Horror,Maximum,"Your daily dread needs company.","Dark"
For You Intro - General,Minimal,"General recommendations for you.","Neutral"
For You Intro - General,Minimal,"More titles you might like.","Simple"
For You Intro - General,Minimal,"General picks ready.","Friendly"
For You Intro - General,Minimal,"Explore these suggestions.","Helpful"
For You Intro - General,Minimal,"Recommended titles for you.","Clear"
For You Intro - General,Minimal,"General row selected.","Neutral"
For You Intro - General,Minimal,"Discover more content.","Inviting"
For You Intro - General,Minimal,"More ideas for you.","Simple"
For You Intro - General,Minimal,"Your general recommendations.","Personal"
For You Intro - General,Minimal,"General suggestions loaded.","Factual"
For You Intro - General,Minimal,"Broad recommendations here.","Helpful"
For You Intro - General,Minimal,"Titles you may enjoy.","Friendly"
For You Intro - General,Minimal,"More to explore.","Clear"
For You Intro - General,Minimal,"General content for you.","Neutral"
For You Intro - General,Minimal,"Recommended for your taste.","Positive"
For You Intro - General,Standard,"Additional recommendations based on your activity.","Helpful"
For You Intro - General,Standard,"Flicket picked these for you.","Friendly"
For You Intro - General,Standard,"More suggestions from your history.","Personal"
For You Intro - General,Standard,"General recommendations tailored.","Observant"
For You Intro - General,Standard,"Discover these interesting titles.","Inviting"
For You Intro - General,Standard,"Based on what you've enjoyed.","Helpful"
For You Intro - General,Standard,"Fresh picks for you.","Positive"
For You Intro - General,Standard,"General row with variety.","Fun"
For You Intro - General,Standard,"More content you might love.","Encouraging"
For You Intro - General,Standard,"Flicket thinks you'll like these.","Playful"
For You Intro - General,Standard,"Curated general suggestions.","Friendly"
For You Intro - General,Standard,"Expand your horizons here.","Motivating"
For You Intro - General,Standard,"Recommended mixes for you.","Helpful"
For You Intro - General,Standard,"General discoveries await.","Optimistic"
For You Intro - General,Maximum,"Additional recommendations. Your backlog just requested reinforcements. This is now a siege.","Dramatic"
For You Intro - General,Maximum,"These seemed relevant. Accountability remains difficult to establish.","Self-aware"
For You Intro - General,Maximum,"Selected specifically for you. Both of us should be concerned.","Meta"
For You Intro - General,Maximum,"The recommendation engine remains confident despite evidence.","Cynical"
For You Intro - General,Maximum,"More suggestions. Your queue grows stronger.","Ironic"
For You Intro - General,Maximum,"General recs. The algorithm is reaching.","Sarcastic"
For You Intro - General,Maximum,"These might help or make the problem worse.","Edgy"
For You Intro - General,Maximum,"More fuel for the endless backlog fire.","Dark humor"
For You Intro - General,Maximum,"The system believes in you. Your free time does not.","Sharp"
For You Intro - General,Maximum,"General recommendations. Proceed with caution.","Ironic"
For You Intro - General,Maximum,"Your taste profile demanded these. Blame it.","Meta"
For You Intro - General,Maximum,"More titles to ignore productively.","Sarcastic"
For You Intro - General,Maximum,"The algorithm is optimistic. We both know better.","Cynical"
For You Intro - General,Maximum,"General row: where good intentions go to backlog.","Dark"
For You Intro - General,Maximum,"These seemed like a good idea at the time.","Self-aware"
For You Intro - Drama,Minimal,"Drama recommendations selected for you.","Neutral"
For You Intro - Drama,Minimal,"Drama row picked for you.","Simple"
For You Intro - Drama,Minimal,"Explore drama titles.","Helpful"
For You Intro - Drama,Minimal,"Drama recommendations ready.","Friendly"
For You Intro - Drama,Minimal,"Drama genre suggestions.","Clear"
For You Intro - Drama,Minimal,"Drama picks for you.","Neutral"
For You Intro - Drama,Minimal,"Discover dramatic stories.","Inviting"
For You Intro - Drama,Minimal,"More drama here.","Simple"
For You Intro - Drama,Minimal,"Your drama recommendations.","Personal"
For You Intro - Drama,Minimal,"Drama content loaded.","Factual"
For You Intro - Drama,Minimal,"Drama row available.","Clear"
For You Intro - Drama,Minimal,"Recommended drama titles.","Helpful"
For You Intro - Drama,Minimal,"Dive into drama.","Engaging"
For You Intro - Drama,Minimal,"Drama suggestions ready.","Friendly"
For You Intro - Drama,Minimal,"Drama genre for you.","Simple"
For You Intro - Drama,Standard,"Drama recommendations based on your tastes.","Personal"
For You Intro - Drama,Standard,"More emotional stories for you.","Helpful"
For You Intro - Drama,Standard,"Drama row surfaced for browsing.","Friendly"
For You Intro - Drama,Standard,"Your drama interests highlighted.","Observant"
For You Intro - Drama,Standard,"Explore these dramatic titles.","Inviting"
For You Intro - Drama,Standard,"Drama picks tailored to you.","Helpful"
For You Intro - Drama,Standard,"Dive deep into character-driven stories.","Engaging"
For You Intro - Drama,Standard,"Drama genre focus for you.","Focused"
For You Intro - Drama,Standard,"More heartfelt recommendations.","Positive"
For You Intro - Drama,Standard,"Your love for drama noted.","Meta"
For You Intro - Drama,Standard,"Drama row ready for you.","Friendly"
For You Intro - Drama,Standard,"Emotional journeys await.","Encouraging"
For You Intro - Drama,Standard,"Drama content curated for you.","Helpful"
For You Intro - Drama,Standard,"Ready for some intensity?","Fun"
For You Intro - Drama,Maximum,"More drama. Because your life wasn't complicated enough already.","Sarcastic"
For You Intro - Drama,Maximum,"Drama recommendations. Real life needs more plot twists.","Edgy"
For You Intro - Drama,Maximum,"The algorithm knows you crave emotional devastation.","Dark"
For You Intro - Drama,Maximum,"More crying and monologues incoming.","Ironic"
For You Intro - Drama,Maximum,"Drama row: where feelings go to be weaponized.","Sharp"
For You Intro - Drama,Maximum,"Your inner theater kid is getting fed.","Sarcastic"
For You Intro - Drama,Maximum,"More existential angst wrapped in prestige TV.","Edgy"
For You Intro - Drama,Maximum,"Drama: making small problems feel epic since forever.","Witty"
For You Intro - Drama,Maximum,"The algorithm is here to ruin your mood productively.","Dark humor"
For You Intro - Drama,Maximum,"More family trauma and rain-soaked conversations.","Crude"
For You Intro - Drama,Maximum,"Drama recs for when you need to feel something deeply.","Meta"
For You Intro - Drama,Maximum,"Because happy shows are for quitters.","Ironic"
For You Intro - Drama,Maximum,"Your daily dose of cathartic suffering.","Sharp"
For You Intro - Drama,Maximum,"Drama row: therapy without the copay.","Sarcastic"
For You Intro - Drama,Maximum,"More slow burns and devastating revelations.","Edgy"
For You Intro - Comedy,Minimal,"Comedy recommendations for you.","Neutral"
For You Intro - Comedy,Minimal,"Comedy row selected.","Simple"
For You Intro - Comedy,Minimal,"Comedy titles ready.","Friendly"
For You Intro - Comedy,Minimal,"Explore funny options.","Helpful"
For You Intro - Comedy,Minimal,"Comedy picks available.","Clear"
For You Intro - Comedy,Minimal,"Comedy genre surfaced.","Neutral"
For You Intro - Comedy,Minimal,"Discover laughs here.","Inviting"
For You Intro - Comedy,Minimal,"More comedy suggestions.","Simple"
For You Intro - Comedy,Minimal,"Your comedy recommendations.","Personal"
For You Intro - Comedy,Minimal,"Comedy content loaded.","Factual"
For You Intro - Comedy,Minimal,"Comedy row for you.","Clear"
For You Intro - Comedy,Minimal,"Recommended funny titles.","Helpful"
For You Intro - Comedy,Minimal,"Get ready to laugh.","Fun"
For You Intro - Comedy,Minimal,"Comedy suggestions ready.","Friendly"
For You Intro - Comedy,Minimal,"Comedy genre picks.","Simple"
For You Intro - Comedy,Standard,"Comedy recommendations to brighten your day.","Friendly"
For You Intro - Comedy,Standard,"More laughs based on your history.","Helpful"
For You Intro - Comedy,Standard,"Comedy row surfaced for you.","Playful"
For You Intro - Comedy,Standard,"Your sense of humor is noted.","Observant"
For You Intro - Comedy,Standard,"Explore these comedic gems.","Inviting"
For You Intro - Comedy,Standard,"Comedy picks just for you.","Personal"
For You Intro - Comedy,Standard,"Time for some lighthearted fun.","Positive"
For You Intro - Comedy,Standard,"Comedy genre focus activated.","Fun"
For You Intro - Comedy,Standard,"More humor tailored to you.","Helpful"
For You Intro - Comedy,Standard,"Your comedy tastes highlighted.","Meta"
For You Intro - Comedy,Standard,"Comedy row ready to entertain.","Engaging"
For You Intro - Comedy,Standard,"Laughs incoming.","Playful"
For You Intro - Comedy,Standard,"Comedy content curated.","Friendly"
For You Intro - Comedy,Standard,"Ready for some chuckles?","Fun"
For You Intro - Comedy,Maximum,"More comedy. As if the world wasn't already a joke.","Sarcastic"
For You Intro - Comedy,Maximum,"Comedy row because reality is too depressing.","Edgy"
For You Intro - Comedy,Maximum,"The algorithm thinks you need more distraction from life.","Dark humor"
For You Intro - Comedy,Maximum,"More forced laughs and awkward situations.","Ironic"
For You Intro - Comedy,Maximum,"Comedy: pretending everything is fine while it burns.","Sharp"
For You Intro - Comedy,Maximum,"Your inner clown is getting fed well.","Sarcastic"
For You Intro - Comedy,Maximum,"More jokes to mask the existential dread.","Edgy"
For You Intro - Comedy,Maximum,"Comedy recs for when denial is the best policy.","Witty"
For You Intro - Comedy,Maximum,"Laugh now, cry later. Or simultaneously.","Dark"
For You Intro - Comedy,Maximum,"The algorithm is enabling your coping mechanism.","Meta"
For You Intro - Comedy,Maximum,"Comedy row: cheaper than therapy.","Ironic"
For You Intro - Comedy,Maximum,"More silly shit to avoid real problems.","Crude"
For You Intro - Comedy,Maximum,"Humor level: professionally distracting.","Sharp"
For You Intro - Comedy,Maximum,"Because crying alone is less fun.","Sarcastic"
For You Intro - Comedy,Maximum,"Comedy suggestions. Don't think too hard.","Edgy"
For You Intro - Action,Minimal,"Action recommendations for you.","Neutral"
For You Intro - Action,Minimal,"Action row selected.","Simple"
For You Intro - Action,Minimal,"Action titles ready.","Friendly"
For You Intro - Action,Minimal,"Explore action-packed options.","Helpful"
For You Intro - Action,Minimal,"Action picks available.","Clear"
For You Intro - Action,Minimal,"Action genre surfaced.","Neutral"
For You Intro - Action,Minimal,"Discover high-octane stories.","Inviting"
For You Intro - Action,Minimal,"More action here.","Simple"
For You Intro - Action,Minimal,"Your action recommendations.","Personal"
For You Intro - Action,Minimal,"Action content loaded.","Factual"
For You Intro - Action,Minimal,"Action row for you.","Clear"
For You Intro - Action,Minimal,"Recommended action titles.","Helpful"
For You Intro - Action,Minimal,"Get ready for excitement.","Fun"
For You Intro - Action,Minimal,"Action suggestions ready.","Friendly"
For You Intro - Action,Minimal,"Action genre picks.","Simple"
For You Intro - Action,Standard,"Action recommendations full of energy.","Exciting"
For You Intro - Action,Standard,"More thrills based on your tastes.","Helpful"
For You Intro - Action,Standard,"Action row surfaced for you.","Dynamic"
For You Intro - Action,Standard,"Your action side is showing.","Playful"
For You Intro - Action,Standard,"Explore these adrenaline-filled titles.","Inviting"
For You Intro - Action,Standard,"Action picks tailored for you.","Personal"
For You Intro - Action,Standard,"Time for some high stakes.","Engaging"
For You Intro - Action,Standard,"Action genre focus for you.","Focused"
For You Intro - Action,Standard,"More explosive recommendations.","Positive"
For You Intro - Action,Standard,"Your love for action noted.","Meta"
For You Intro - Action,Standard,"Action row ready for impact.","Fun"
For You Intro - Action,Standard,"Adrenaline awaits in this row.","Exciting"
For You Intro - Action,Standard,"Action content curated.","Helpful"
For You Intro - Action,Standard,"Ready for nonstop action?","Engaging"
For You Intro - Action,Maximum,"More action. Because sitting still is for quitters.","Sarcastic"
For You Intro - Action,Maximum,"Action row: explosions to distract from your backlog.","Edgy"
For You Intro - Action,Maximum,"The algorithm knows you like things blowing up.","Dark humor"
For You Intro - Action,Maximum,"More car chases and one-liners. Peak entertainment.","Ironic"
For You Intro - Action,Maximum,"Action: where physics takes a vacation.","Sharp"
For You Intro - Action,Maximum,"Your inner adrenaline junkie approves.","Sarcastic"
For You Intro - Action,Maximum,"More mindless violence wrapped in plot.","Edgy"
For You Intro - Action,Maximum,"Action recs for when thinking is too much.","Witty"
For You Intro - Action,Maximum,"The budget for explosions must be huge.","Meta"
For You Intro - Action,Maximum,"Action row: therapy with guns and explosions.","Dark"
For You Intro - Action,Maximum,"Because quiet moments are overrated.","Ironic"
For You Intro - Action,Maximum,"More heroes saving the day poorly.","Crude"
For You Intro - Action,Maximum,"Action suggestions. Brains optional.","Sharp"
For You Intro - Action,Maximum,"The algorithm is feeding your chaos addiction.","Sarcastic"
For You Intro - Action,Maximum,"Explosions incoming. Duck and enjoy.","Edgy"
For You Intro - Thriller,Minimal,"Thriller recommendations for you.","Neutral"
For You Intro - Thriller,Minimal,"Thriller row selected.","Simple"
For You Intro - Thriller,Minimal,"Thriller titles ready.","Friendly"
For You Intro - Thriller,Minimal,"Explore suspenseful options.","Helpful"
For You Intro - Thriller,Minimal,"Thriller picks available.","Clear"
For You Intro - Thriller,Minimal,"Thriller genre surfaced.","Neutral"
For You Intro - Thriller,Minimal,"Discover tense stories.","Inviting"
For You Intro - Thriller,Minimal,"More thriller here.","Simple"
For You Intro - Thriller,Minimal,"Your thriller recommendations.","Personal"
For You Intro - Thriller,Minimal,"Thriller content loaded.","Factual"
For You Intro - Thriller,Minimal,"Thriller row for you.","Clear"
For You Intro - Thriller,Minimal,"Recommended thriller titles.","Helpful"
For You Intro - Thriller,Minimal,"Get ready for tension.","Fun"
For You Intro - Thriller,Minimal,"Thriller suggestions ready.","Friendly"
For You Intro - Thriller,Minimal,"Thriller genre picks.","Simple"
For You Intro - Thriller,Standard,"Thriller recommendations to keep you on edge.","Exciting"
For You Intro - Thriller,Standard,"More suspense based on your history.","Helpful"
For You Intro - Thriller,Standard,"Thriller row surfaced for you.","Tense"
For You Intro - Thriller,Standard,"Your taste for twists noted.","Observant"
For You Intro - Thriller,Standard,"Explore these gripping titles.","Inviting"
For You Intro - Thriller,Standard,"Thriller picks tailored for you.","Personal"
For You Intro - Thriller,Standard,"Time for some edge-of-seat viewing.","Engaging"
For You Intro - Thriller,Standard,"Thriller genre focus activated.","Focused"
For You Intro - Thriller,Standard,"More twists and turns for you.","Positive"
For You Intro - Thriller,Standard,"Your thriller preferences highlighted.","Meta"
For You Intro - Thriller,Standard,"Thriller row ready to surprise.","Fun"
For You Intro - Thriller,Standard,"Suspense awaits in this row.","Exciting"
For You Intro - Thriller,Standard,"Thriller content curated.","Helpful"
For You Intro - Thriller,Standard,"Ready for some mystery?","Engaging"
For You Intro - Thriller,Maximum,"More thrillers. Because calm was never an option.","Sarcastic"
For You Intro - Thriller,Maximum,"Thriller row: your paranoia needs company.","Edgy"
For You Intro - Thriller,Maximum,"The algorithm knows you enjoy being stressed.","Dark humor"
For You Intro - Thriller,Maximum,"More twists that will ruin your sleep.","Ironic"
For You Intro - Thriller,Maximum,"Thriller: making trust issues cinematic.","Sharp"
For You Intro - Thriller,Maximum,"Your inner detective is getting fed lies.","Sarcastic"
For You Intro - Thriller,Maximum,"More 'who done it' to avoid real responsibilities.","Edgy"
For You Intro - Thriller,Maximum,"Suspense so thick you could cut it with a knife.","Witty"
For You Intro - Thriller,Maximum,"Thriller recs for when peace is boring.","Dark"
For You Intro - Thriller,Maximum,"The genre that makes you question everyone.","Meta"
For You Intro - Thriller,Maximum,"More red herrings than a fishing boat.","Ironic"
For You Intro - Thriller,Maximum,"Thriller row: entertainment that fucks with your head.","Crude"
For You Intro - Thriller,Maximum,"Because predictable is for losers.","Sharp"
For You Intro - Thriller,Maximum,"Twists guaranteed. Or your money back. (Not really)","Sarcastic"
For You Intro - Thriller,Maximum,"The algorithm is gaslighting you with good content.","Edgy"
Large Backlog - Behavior,Minimal,"Your backlog is quite large.","Factual"
Large Backlog - Behavior,Minimal,"Many titles in your lists.","Positive"
Large Backlog - Behavior,Minimal,"Impressive collection size.","Encouraging"
Large Backlog - Behavior,Minimal,"Your library has grown significantly.","Neutral"
Large Backlog - Behavior,Minimal,"Lots of content saved.","Simple"
Large Backlog - Behavior,Minimal,"Backlog is substantial.","Clear"
Large Backlog - Behavior,Minimal,"Many items queued.","Factual"
Large Backlog - Behavior,Minimal,"Your Want list is extensive.","Positive"
Large Backlog - Behavior,Minimal,"Significant number of titles.","Neutral"
Large Backlog - Behavior,Minimal,"Backlog continues to build.","Observant"
Large Backlog - Behavior,Minimal,"Plenty in your collection.","Friendly"
Large Backlog - Behavior,Minimal,"Your lists are well stocked.","Encouraging"
Large Backlog - Behavior,Minimal,"Large number of saved shows.","Simple"
Large Backlog - Behavior,Minimal,"Backlog looking strong.","Positive"
Large Backlog - Behavior,Minimal,"Many future watches available.","Helpful"
Large Backlog - Behavior,Standard,"Your backlog is impressive. Plenty to choose from.","Complimentary"
Large Backlog - Behavior,Standard,"Lots saved for later. Good planning.","Positive"
Large Backlog - Behavior,Standard,"The collection is growing nicely.","Encouraging"
Large Backlog - Behavior,Standard,"You have a substantial library.","Playful"
Large Backlog - Behavior,Standard,"Backlog game is strong.","Witty"
Large Backlog - Behavior,Standard,"Many options in your queue.","Helpful"
Large Backlog - Behavior,Standard,"Your lists tell a story of curiosity.","Reflective"
Large Backlog - Behavior,Standard,"Impressive amount of potential viewing.","Optimistic"
Large Backlog - Behavior,Standard,"The backlog is alive and thriving.","Fun"
Large Backlog - Behavior,Standard,"You've built quite the reserve.","Complimentary"
Large Backlog - Behavior,Standard,"Plenty to explore in your lists.","Inviting"
Large Backlog - Behavior,Standard,"Your collection shows great taste.","Positive"
Large Backlog - Behavior,Standard,"Backlog full of possibilities.","Encouraging"
Large Backlog - Behavior,Standard,"Significant library built up.","Friendly"
Large Backlog - Behavior,Maximum,"Your backlog is fucking massive. Respect the ambition, question the follow-through.","Edgy"
Large Backlog - Behavior,Maximum,"This backlog could sustain you through the apocalypse.","Dark humor"
Large Backlog - Behavior,Maximum,"Congratulations, you've built a monument to procrastination.","Sarcastic"
Large Backlog - Behavior,Maximum,"The Want list is now a lifestyle. A very delayed one.","Sharp"
Large Backlog - Behavior,Maximum,"Your backlog has its own gravitational pull.","Poetic"
Large Backlog - Behavior,Maximum,"Somewhere executives are crying tears of joy over this.","Ironic"
Large Backlog - Behavior,Maximum,"This many unwatched shows is either dedication or a cry for help.","Edgy"
Large Backlog - Behavior,Maximum,"Your queue is bigger than most people's life goals.","Crude"
Large Backlog - Behavior,Maximum,"Backlog so large it needs its own zip code.","Exaggerated"
Large Backlog - Behavior,Maximum,"You're not watching TV. You're hoarding it.","Sarcastic"
Large Backlog - Behavior,Maximum,"The algorithm is proud. Your weekends are not.","Dark"
Large Backlog - Behavior,Maximum,"This backlog is ambitious enough to qualify as a personality trait.","Meta"
Large Backlog - Behavior,Maximum,"Future you hates present you with a passion.","Sharp"
Large Backlog - Behavior,Maximum,"Monumental backlog. Legendary levels of 'later'.","Ironic"
Heavy Watched - Behavior,Minimal,"Strong completion history.","Positive"
Heavy Watched - Behavior,Minimal,"You've finished many shows.","Factual"
Heavy Watched - Behavior,Minimal,"High completion rate.","Encouraging"
Heavy Watched - Behavior,Minimal,"Lots marked as watched.","Clear"
Heavy Watched - Behavior,Minimal,"Impressive finish count.","Neutral"
Heavy Watched - Behavior,Minimal,"Completion habit is solid.","Positive"
Heavy Watched - Behavior,Minimal,"Many titles completed.","Simple"
Heavy Watched - Behavior,Minimal,"Watched list is active.","Factual"
Heavy Watched - Behavior,Minimal,"Good number of finishes.","Encouraging"
Heavy Watched - Behavior,Minimal,"You've watched quite a bit.","Friendly"
Heavy Watched - Behavior,Minimal,"Completion numbers look great.","Positive"
Heavy Watched - Behavior,Minimal,"Strong track record.","Neutral"
Heavy Watched - Behavior,Minimal,"Many shows wrapped up.","Clear"
Heavy Watched - Behavior,Minimal,"Finished titles add up.","Simple"
Heavy Watched - Behavior,Minimal,"Watched history is robust.","Positive"
Heavy Watched - Behavior,Standard,"You've finished a lot. Great work!","Complimentary"
Heavy Watched - Behavior,Standard,"Strong completionist energy.","Playful"
Heavy Watched - Behavior,Standard,"Your watched list is impressive.","Encouraging"
Heavy Watched - Behavior,Standard,"Lots of shows successfully completed.","Positive"
Heavy Watched - Behavior,Standard,"You're a finisher in a world of starters.","Witty"
Heavy Watched - Behavior,Standard,"Completion rate is inspiring.","Motivating"
Heavy Watched - Behavior,Standard,"Many great watches under your belt.","Friendly"
Heavy Watched - Behavior,Standard,"The finished pile is substantial.","Observant"
Heavy Watched - Behavior,Standard,"You've powered through many series.","Complimentary"
Heavy Watched - Behavior,Standard,"Watched history tells a great story.","Reflective"
Heavy Watched - Behavior,Standard,"Impressive dedication to finishing.","Positive"
Heavy Watched - Behavior,Standard,"You're knocking them out.","Fun"
Heavy Watched - Behavior,Standard,"Solid completion habits.","Encouraging"
Heavy Watched - Behavior,Maximum,"You've finished more shit than most people start.","Edgy"
Heavy Watched - Behavior,Maximum,"Heavy watched. The rest of us are jealous and slightly scared.","Sarcastic"
Heavy Watched - Behavior,Maximum,"This completion rate is unnatural. What are you avoiding?","Dark"
Heavy Watched - Behavior,Maximum,"Congrats on actually finishing things. Rare species.","Ironic"
Heavy Watched - Behavior,Maximum,"Your watched list is longer than most attention spans.","Sharp"
Heavy Watched - Behavior,Maximum,"Somewhere a therapist is proud of this progress.","Meta"
Heavy Watched - Behavior,Maximum,"Heavy completion. Light on regrets? Debatable.","Edgy"
Heavy Watched - Behavior,Maximum,"You've binged harder than most life crises.","Dark humor"
Heavy Watched - Behavior,Maximum,"The watched list is stacked. Respect.","Crude"
Heavy Watched - Behavior,Maximum,"Finishing shows like it's your job. It might be.","Sarcastic"
Heavy Watched - Behavior,Maximum,"This many completions should come with hazard pay.","Ironic"
Heavy Watched - Behavior,Maximum,"You're the closer we all wish we could be.","Sharp"
Heavy Watched - Behavior,Maximum,"Heavy watched. The backlog trembles in fear.","Poetic"
Heavy Watched - Behavior,Maximum,"Legendary finisher vibes.","Edgy"
Empty Watching - Behavior,Minimal,"No active watching right now.","Neutral"
Empty Watching - Behavior,Minimal,"Currently Watching is empty.","Factual"
Empty Watching - Behavior,Minimal,"Nothing in progress.","Simple"
Empty Watching - Behavior,Minimal,"Time to start something new.","Encouraging"
Empty Watching - Behavior,Minimal,"Active queue is clear.","Clear"
Empty Watching - Behavior,Minimal,"No shows in progress.","Neutral"
Empty Watching - Behavior,Minimal,"Watching section empty.","Factual"
Empty Watching - Behavior,Minimal,"Ready for a new binge.","Friendly"
Empty Watching - Behavior,Minimal,"Currently no active titles.","Simple"
Empty Watching - Behavior,Minimal,"The queue awaits your choice.","Positive"
Empty Watching - Behavior,Minimal,"Nothing happening in watching.","Clear"
Empty Watching - Behavior,Minimal,"Start a new series today.","Helpful"
Empty Watching - Behavior,Minimal,"Active list is blank.","Neutral"
Empty Watching - Behavior,Minimal,"Plenty of room to begin.","Encouraging"
Empty Watching - Behavior,Minimal,"No in-progress shows.","Factual"
Empty Watching - Behavior,Standard,"No active shows. Perfect time to pick something fresh.","Friendly"
Empty Watching - Behavior,Standard,"Currently Watching is empty. Opportunity awaits.","Optimistic"
Empty Watching - Behavior,Standard,"Nothing in progress yet. The perfect reset.","Positive"
Empty Watching - Behavior,Standard,"Your watching queue is open for business.","Playful"
Empty Watching - Behavior,Standard,"Empty active list means new adventures ahead.","Inviting"
Empty Watching - Behavior,Standard,"Time to fill the Currently Watching section.","Motivating"
Empty Watching - Behavior,Standard,"No shows in progress. Browse with confidence.","Helpful"
Empty Watching - Behavior,Standard,"The couch is ready for its next victim.","Witty"
Empty Watching - Behavior,Standard,"Active queue reset. What will you choose?","Curious"
Empty Watching - Behavior,Standard,"Nothing ongoing. Fresh start energy.","Positive"
Empty Watching - Behavior,Standard,"Ready to commit to something new?","Encouraging"
Empty Watching - Behavior,Standard,"Empty watching means unlimited potential.","Optimistic"
Empty Watching - Behavior,Standard,"The section is yours to fill.","Friendly"
Empty Watching - Behavior,Maximum,"Empty Watching. The ultimate commitment phobia achievement.","Edgy"
Empty Watching - Behavior,Maximum,"Currently Watching is empty. Masterclass in starting strong and fading fast.","Sarcastic"
Empty Watching - Behavior,Maximum,"No active shows. Your avoidance game is elite.","Dark humor"
Empty Watching - Behavior,Maximum,"The couch has won every round this season.","Ironic"
Empty Watching - Behavior,Maximum,"Zero in progress. Professional browser certified.","Sharp"
Empty Watching - Behavior,Maximum,"Watching nothing but judging everything.","Meta"
Empty Watching - Behavior,Maximum,"Empty active queue. Peak decision fatigue.","Edgy"
Empty Watching - Behavior,Maximum,"Your 'in progress' is permanently on hold.","Crude"
Empty Watching - Behavior,Maximum,"Nothing happening here except existential dread.","Dark"
Empty Watching - Behavior,Maximum,"The algorithm is waiting. It might die first.","Sarcastic"
Empty Watching - Behavior,Maximum,"Currently Watching: the sound of one hand clapping.","Poetic"
Empty Watching - Behavior,Maximum,"Bold strategy of watching zero things.","Ironic"
Empty Watching - Behavior,Maximum,"Empty. Like your promises to start that one show.","Sharp"
Empty Watching - Behavior,Maximum,"The void is currently winning.","Edgy"
No Ratings - Behavior,Minimal,"No ratings given yet.","Factual"
No Ratings - Behavior,Minimal,"Start rating your watches.","Encouraging"
No Ratings - Behavior,Minimal,"Ratings section is empty.","Clear"
No Ratings - Behavior,Minimal,"Share your opinions by rating.","Helpful"
No Ratings - Behavior,Minimal,"No ratings logged.","Neutral"
No Ratings - Behavior,Minimal,"Time to rate some titles.","Simple"
No Ratings - Behavior,Minimal,"Ratings history starts now.","Positive"
No Ratings - Behavior,Minimal,"Give some stars to your favorites.","Friendly"
No Ratings - Behavior,Minimal,"Empty ratings log.","Factual"
No Ratings - Behavior,Minimal,"Begin rating shows.","Encouraging"
No Ratings - Behavior,Minimal,"No opinions shared yet.","Neutral"
No Ratings - Behavior,Minimal,"Ratings await your input.","Clear"
No Ratings - Behavior,Minimal,"Start building your rating profile.","Helpful"
No Ratings - Behavior,Minimal,"Rate to improve recommendations.","Positive"
No Ratings - Behavior,Minimal,"Your ratings will appear here.","Simple"
No Ratings - Behavior,Standard,"No ratings yet. Start sharing your thoughts!","Friendly"
No Ratings - Behavior,Standard,"Empty ratings section. Time to weigh in.","Encouraging"
No Ratings - Behavior,Standard,"Help Flicket learn your taste by rating.","Helpful"
No Ratings - Behavior,Standard,"Your opinions matter. Start rating shows.","Positive"
No Ratings - Behavior,Standard,"Ratings log is waiting for your stars.","Playful"
No Ratings - Behavior,Standard,"No ratings given. Let's change that.","Motivating"
No Ratings - Behavior,Standard,"Build your rating history here.","Friendly"
No Ratings - Behavior,Standard,"Share what you think with ratings.","Inviting"
No Ratings - Behavior,Standard,"The ratings section is ready for you.","Optimistic"
No Ratings - Behavior,Standard,"Start rating to personalize better.","Helpful"
No Ratings - Behavior,Standard,"Your taste profile needs some stars.","Fun"
No Ratings - Behavior,Standard,"Empty ratings. Fresh slate for opinions.","Positive"
No Ratings - Behavior,Standard,"Rate your watches to guide future recs.","Encouraging"
No Ratings - Behavior,Maximum,"No ratings. The algorithm is flying blind and terrified.","Edgy"
No Ratings - Behavior,Maximum,"Zero stars given. Bold move, silent critic.","Sarcastic"
No Ratings - Behavior,Maximum,"No ratings yet. Your opinions remain a mystery even to you.","Dark humor"
No Ratings - Behavior,Maximum,"The ratings section is as empty as your will to commit.","Sharp"
No Ratings - Behavior,Maximum,"Not rating anything? That's a personality.","Ironic"
No Ratings - Behavior,Maximum,"Algorithm starving for your hot takes.","Meta"
No Ratings - Behavior,Maximum,"Zero feedback. We're all just guessing here.","Edgy"
No Ratings - Behavior,Maximum,"Your inner critic is on permanent vacation.","Crude"
No Ratings - Behavior,Maximum,"No ratings. The void remains unjudged.","Poetic"
No Ratings - Behavior,Maximum,"Silent viewer mode: activated permanently.","Sarcastic"
No Ratings - Behavior,Maximum,"Ratings log: professionally empty.","Ironic"
No Ratings - Behavior,Maximum,"Help us help you. Or don't. Your call.","Sharp"
No Ratings - Behavior,Maximum,"No stars. Pure chaotic neutral energy.","Dark"
No Ratings - Behavior,Maximum,"The algorithm begs for mercy in the form of ratings.","Edgy"
Tiny Library - Behavior,Minimal,"Your library is still growing.","Positive"
Tiny Library - Behavior,Minimal,"Small library so far.","Neutral"
Tiny Library - Behavior,Minimal,"Early days in your collection.","Encouraging"
Tiny Library - Behavior,Minimal,"Library has room to expand.","Friendly"
Tiny Library - Behavior,Minimal,"Small number of tracked titles.","Factual"
Tiny Library - Behavior,Minimal,"Building your library step by step.","Simple"
Tiny Library - Behavior,Minimal,"Library is in early stages.","Clear"
Tiny Library - Behavior,Minimal,"Plenty of room for more.","Positive"
Tiny Library - Behavior,Minimal,"Small but growing collection.","Optimistic"
Tiny Library - Behavior,Minimal,"Start adding more to your library.","Helpful"
Tiny Library - Behavior,Minimal,"Your library is taking shape.","Friendly"
Tiny Library - Behavior,Minimal,"Early library development.","Neutral"
Tiny Library - Behavior,Minimal,"Small library. Big potential.","Encouraging"
Tiny Library - Behavior,Minimal,"Room to grow your collection.","Simple"
Tiny Library - Behavior,Minimal,"Library foundations laid.","Positive"
Tiny Library - Behavior,Standard,"Small library so far. Plenty of room to grow.","Friendly"
Tiny Library - Behavior,Standard,"Your collection is just getting started.","Optimistic"
Tiny Library - Behavior,Standard,"Early days. Exciting times ahead.","Positive"
Tiny Library - Behavior,Standard,"Small library means lots of discoveries left.","Inviting"
Tiny Library - Behavior,Standard,"Building a great library one title at a time.","Encouraging"
Tiny Library - Behavior,Standard,"The library is small but mighty.","Playful"
Tiny Library - Behavior,Standard,"Room for many more favorites.","Helpful"
Tiny Library - Behavior,Standard,"Your library is off to a great start.","Complimentary"
Tiny Library - Behavior,Standard,"Small collection. Endless possibilities.","Optimistic"
Tiny Library - Behavior,Standard,"Keep adding to make it yours.","Motivating"
Tiny Library - Behavior,Standard,"Foundations of a fantastic library.","Positive"
Tiny Library - Behavior,Standard,"Early stage library with big potential.","Friendly"
Tiny Library - Behavior,Standard,"The library will grow with you.","Reflective"
Tiny Library - Behavior,Maximum,"Tiny library. Either you're new or extremely picky. Possibly both.","Edgy"
Tiny Library - Behavior,Maximum,"Small library. The algorithm is disappointed in your commitment.","Sarcastic"
Tiny Library - Behavior,Maximum,"This library is so tiny it needs a microscope.","Ironic"
Tiny Library - Behavior,Maximum,"Tiny collection. Bold minimalist approach to TV.","Sharp"
Tiny Library - Behavior,Maximum,"Your library has commitment issues.","Dark humor"
Tiny Library - Behavior,Maximum,"Small library. Big judgey energy from the algorithm.","Meta"
Tiny Library - Behavior,Maximum,"This is less a library and more a pamphlet.","Crude"
Tiny Library - Behavior,Maximum,"Tiny library. Future archaeologists will be confused.","Poetic"
Tiny Library - Behavior,Maximum,"Either brand new or a ruthless curator. Impressive.","Edgy"
Tiny Library - Behavior,Maximum,"The library is tiny because your standards are huge.","Sarcastic"
Tiny Library - Behavior,Maximum,"Small collection. The void hungers for more.","Dark"
Tiny Library - Behavior,Maximum,"Library so small it barely registers.","Ironic"
Tiny Library - Behavior,Maximum,"You're collecting at the speed of a sloth.","Sharp"
Tiny Library - Behavior,Maximum,"Tiny library. Peak quality over quantity denial.","Edgy"
Home Header - Generic,Minimal,"Your library is ready.","Clean fallback"
Home Header - Generic,Minimal,"Your shows are here.","Clean fallback"
Home Header - Generic,Minimal,"Welcome back. Your lists are ready.","Clean fallback"
Home Header - Generic,Minimal,"Your watch lists are up to date.","Clean fallback"
Home Header - Generic,Minimal,"Everything is ready when you are.","Clean fallback"
Home Header - Generic,Minimal,"Your library is loaded.","Clean fallback"
Home Header - Generic,Minimal,"Your shows are organized here.","Clean fallback"
Home Header - Generic,Minimal,"Your saved titles are ready.","Clean fallback"
Home Header - Generic,Minimal,"Welcome back to Flicklet.","Clean fallback"
Home Header - Generic,Minimal,"Your dashboard is ready.","Clean fallback"
Home Header - Generic,Minimal,"Your tracking space is set.","Clean fallback"
Home Header - Generic,Minimal,"Your shows are where you left them.","Clean fallback"
Home Header - Generic,Minimal,"Your lists are available.","Clean fallback"
Home Header - Generic,Minimal,"Your viewing dashboard is ready.","Clean fallback"
Home Header - Generic,Minimal,"Your library is waiting.","Clean fallback"
Home Header - Generic,Standard,"Your lists are behaving suspiciously well today.","Witty fallback"
Home Header - Generic,Standard,"The dashboard is calm. That probably will not last.","Witty fallback"
Home Header - Generic,Standard,"Your shows are organized enough to look intentional.","Witty fallback"
Home Header - Generic,Standard,"The library is ready. Your free time may disagree.","Witty fallback"
Home Header - Generic,Standard,"Everything is where you left it, which is frankly rare.","Witty fallback"
Home Header - Generic,Standard,"Your queue is present and pretending to be manageable.","Witty fallback"
Home Header - Generic,Standard,"The dashboard has assembled itself. Barely any drama.","Witty fallback"
Home Header - Generic,Standard,"Your lists are ready for another round of decisions.","Witty fallback"
Home Header - Generic,Standard,"Flicklet brought the lists. You bring the commitment issues.","Witty fallback"
Home Header - Generic,Standard,"Your library is open for business and quiet judgment.","Witty fallback"
Home Header - Generic,Standard,"The watch pile remains under supervision.","Witty fallback"
Home Header - Generic,Standard,"Your entertainment logistics are back online.","Witty fallback"
Home Header - Generic,Standard,"The dashboard is ready to support questionable scheduling.","Witty fallback"
Home Header - Generic,Standard,"Your lists survived since last time.","Witty fallback"
Home Header - Generic,Standard,"The queue is organized. The choices are still your problem.","Witty fallback"
Home Header - Generic,Maximum,"Your library is ready. The consequences are between you and your couch.","Sharp fallback"
Home Header - Generic,Maximum,"The dashboard is calm, which feels suspicious as hell.","Sharp fallback"
Home Header - Generic,Maximum,"Your watch pile has been arranged into something resembling adult behavior.","Sharp fallback"
Home Header - Generic,Maximum,"The queue is present, organized, and quietly judging your optimism.","Sharp fallback"
Home Header - Generic,Maximum,"Everything is where you left it. A miracle no one asked for.","Sharp fallback"
Home Header - Generic,Maximum,"Your entertainment backlog has reported for duty.","Sharp fallback"
Home Header - Generic,Maximum,"Flicklet has reopened the case file on your viewing habits.","Sharp fallback"
Home Header - Generic,Maximum,"The dashboard is ready. Your schedule is already losing.","Sharp fallback"
Home Header - Generic,Maximum,"Your lists are organized. This does not mean your life is.","Sharp fallback"
Home Header - Generic,Maximum,"The queue has structure now. Dangerous development.","Sharp fallback"
Home Header - Generic,Maximum,"Your library is awake and pretending this is normal.","Sharp fallback"
Home Header - Generic,Maximum,"The watch pile is under control in the way a raccoon in a trench coat is under control.","Sharp fallback"
Home Header - Generic,Maximum,"The dashboard is open. The illusion of control continues.","Sharp fallback"
Home Header - Generic,Maximum,"Your shows are lined up like tiny obligations with posters.","Sharp fallback"
Home Header - Generic,Maximum,"The app is ready. Your free time has entered witness protection.","Sharp fallback"
