"Surface","Context","Key","Line ID","Minimal","Standard","Maximum","Current Text","Notes"
"Home Header","Signal: Empty Watching","home.header.emptyWatching","h-ew-1","Y","Y","Y","Nothing in progress. Currently Watching is empty.","Min L1 uses first 2 of 3"
"Home Header","Signal: Empty Watching","home.header.emptyWatching","h-ew-2","Y","Y","Y","No active show on the clock — Flicklet has nothing in progress.","Min L1 uses first 2 of 3"
"Home Header","Signal: Empty Watching","home.header.emptyWatching","h-ew-3","","Y","Y","Currently Watching is blank. Pick something when you are ready.","Std/Max only"
"Home Header","Signal: Huge Want / Tiny Watching","home.header.hugeWantTinyWatching","h-wt-1","Y","Y","Y","You are collecting shows faster than you are watching them.","Min L1: only this line"
"Home Header","Signal: Huge Want / Tiny Watching","home.header.hugeWantTinyWatching","h-wt-2","","Y","Y","{wantCount} saved for later. Only {watchingCount} in progress.",""
"Home Header","Signal: Huge Want / Tiny Watching","home.header.hugeWantTinyWatching","h-wt-3","","Y","Y","Your Want list is doing the heavy lifting. Watching is barely moving.","Repeated Want/Watching stem"
"Home Header","Signal: Huge Want / Tiny Watching","home.header.hugeWantTinyWatching","h-wt-4","","Y","Y","Lots queued, little started — {wantCount} waiting, {watchingCount} active.",""
"Home Header","Signal: Heavy Watched","home.header.heavyWatched","h-hw-1","Y","Y","Y","You have marked {watchedCount} titles finished. Flicklet sees a completion habit.","Min L1: only this line"
"Home Header","Signal: Heavy Watched","home.header.heavyWatched","h-hw-2","","Y","Y","{watchedCount} in Watched. You close things out more than most.",""
"Home Header","Signal: Heavy Watched","home.header.heavyWatched","h-hw-3","","Y","Y","A large finished pile — {watchedCount} logged complete.",""
"Home Header","Signal: Small Library","home.header.smallLibrary","h-sl-1","Y","Y","Y","Small library so far. Flicklet is still learning your taste.","Min L1: first 2 of 3"
"Home Header","Signal: Small Library","home.header.smallLibrary","h-sl-2","Y","Y","Y","Only {totalCount} titles tracked. Early days.","Min L1: first 2 of 3"
"Home Header","Signal: Small Library","home.header.smallLibrary","h-sl-3","","Y","Y","Not much on file yet — room to grow.","Std/Max only"
"Home Header","Signal: Single Show Focus","home.header.singleShowFocus","h-sf-1","Y","Y","Y","One show in progress. Focused energy.",""
"Home Header","Signal: Single Show Focus","home.header.singleShowFocus","h-sf-2","Y","Y","Y","A single active title. No multitasking on the dashboard.",""
"Home Header","Signal: Generic fallback","home.header.generic","h-gm-1","Y","","","Back again. Your lists are here.","Minimal generic only; Snark fallback"
"Home Header","Signal: Generic fallback","home.header.generic","h-gm-2","Y","","","Flicklet is tracking {totalCount} titles for you.","Minimal generic only"
"Home Header","Signal: Generic fallback","home.header.generic","h-gs-1","","Y","Y","Your lists tell different stories. Want is loud; Watching is quiet.","Max L3 merges std+max pools"
"Home Header","Signal: Generic fallback","home.header.generic","h-gs-2","","Y","Y","Flicklet is holding {totalCount} titles. Some are moving, some are waiting.",""
"Home Header","Signal: Generic fallback","home.header.generic","h-gs-3","","Y","Y","Back. Your backlog and your active queue are not the same size.","Backlog stem"
"Home Header","Signal: Generic fallback","home.header.generic","h-gs-4","","Y","Y","Dashboard check-in: {watchingCount} active, {wantCount} saved.","Functional tone"
"Home Header","Signal: Generic fallback","home.header.generic","h-gs-5","","Y","Y","You add faster than you close things out. The numbers say so.","Candidate: new Standard voice"
"Home Header","Signal: Generic fallback","home.header.generic","h-gs-6","","Y","Y","Still here. Still deciding on half your queue.",""
"Home Header","Signal: Generic fallback","home.header.generic","h-gx-1","","","Y","Your Want list has more ambition than your Watching list.","Max-only tier; also in L3 merged pool"
"Home Header","Signal: Generic fallback","home.header.generic","h-gx-2","","","Y","Flicklet is watching your lists change more than you watch TV.","Meta observer stem"
"Home Header","Signal: Generic fallback","home.header.generic","h-gx-3","","","Y","Parallel shows, parallel promises. {watchingCount} open threads.",""
"Home Header","Signal: Generic fallback","home.header.generic","h-gx-4","","","Y","The backlog is real. So is the finished pile.","Backlog stem"
"Home Marquee","Rotating ticker","home.marquee","m-s-1","","Y","Y","Observation: your Want list grows when you browse.","Minimal suppresses marquee (empty pool). L3 merges max+std."
"Home Marquee","Rotating ticker","home.marquee","m-s-2","","Y","Y","Flicklet tracks habits, not hype.","Minimal suppresses marquee (empty pool). L3 merges max+std."
"Home Marquee","Rotating ticker","home.marquee","m-s-3","","Y","Y","One more episode is a lifestyle.","Minimal suppresses marquee (empty pool). L3 merges max+std."
"Home Marquee","Rotating ticker","home.marquee","m-s-4","","Y","Y","Finished counts only when you mark it.","Minimal suppresses marquee (empty pool). L3 merges max+std."
"Home Marquee","Rotating ticker","home.marquee","m-s-5","","Y","Y","Currently Watching is the honest column.","Minimal suppresses marquee (empty pool). L3 merges max+std."
"Home Marquee","Rotating ticker","home.marquee","m-s-6","","Y","Y","Saved for later is a strategy. Sometimes.","Minimal suppresses marquee (empty pool). L3 merges max+std."
"Home Marquee","Rotating ticker","home.marquee","m-s-7","","Y","Y","Your lists remember what you forgot.","Minimal suppresses marquee (empty pool). L3 merges max+std."
"Home Marquee","Rotating ticker","home.marquee","m-s-8","","Y","Y","Returning shows only matter if you track them.","Minimal suppresses marquee (empty pool). L3 merges max+std."
"Home Marquee","Rotating ticker","home.marquee","m-x-1","","","Y","The queue is a mood board with consequences.","Max-only tier; included in L3 merged pool"
"Home Marquee","Rotating ticker","home.marquee","m-x-2","","","Y","Flicklet noticed: lots saved, few started.","Max-only tier; included in L3 merged pool"
"Home Marquee","Rotating ticker","home.marquee","m-x-3","","","Y","Completion is manual. Brutal but fair.","Max-only tier; included in L3 merged pool"
"Home Marquee","Rotating ticker","home.marquee","m-x-4","","","Y","Your Watching column tells the truth.","Max-only tier; included in L3 merged pool"
"Home Marquee","Rotating ticker","home.marquee","m-x-5","","","Y","Browsing is not watching. Flicklet can tell.","Max-only tier; included in L3 merged pool"
"Empty States","Empty Watching","empty.watching","e-w-m1","Y","","","No shows in Currently Watching yet.","Column-name literal; bland"
"Empty States","Empty Watching","empty.watching","e-w-m2","Y","","","Nothing in progress.","Good Minimal tone target"
"Empty States","Empty Watching","empty.watching","e-w-s1","","Y","Y","Currently Watching is empty. Nothing marked in progress.","Repeated stem: Currently Watching is empty"
"Empty States","Empty Watching","empty.watching","e-w-s2","","Y","Y","No active show right now — this column is unused.","L3 merges max+std"
"Empty States","Empty Watching","empty.watching","e-w-s3","","Y","Y","Flicklet has nothing in progress to track.","L3 merges max+std"
"Empty States","Empty Watching","empty.watching","e-w-x1","","","Y","Currently Watching is empty. The honest column is blank.","Repeated stem; honest column"
"Empty States","Empty Watching","empty.watching","e-w-x2","","","Y","Zero in progress. Start one show and this screen gets real.","Max-only tier; L3 merged pool"
"Empty States","Empty Want","empty.want","e-n-m1","Y","","","Want To Watch is empty.","Single Minimal line — small pool"
"Empty States","Empty Want","empty.want","e-n-s1","","Y","Y","Want To Watch is empty. Nothing saved for later yet.","Repeated stem: Want To Watch is empty"
"Empty States","Empty Want","empty.want","e-n-s2","","Y","Y","Zero queued. You have not flagged anything to chase.","L3 merges max+std"
"Empty States","Empty Want","empty.want","e-n-s3","","Y","Y","An empty Want list is rare. Most people hoard possibilities here.","L3 merges max+std"
"Empty States","Empty Want","empty.want","e-n-x1","","","Y","Want To Watch is empty. No future picks on file.","Repeated stem"
"Empty States","Empty Watched","empty.watched","e-d-m1","Y","","","Nothing marked watched yet.","Single Minimal line — small pool"
"Empty States","Empty Watched","empty.watched","e-d-s1","","Y","Y","Nothing marked watched. Flicklet cannot see what you have finished.","L3 merges max+std"
"Empty States","Empty Watched","empty.watched","e-d-s2","","Y","Y","Watched is blank — completion history starts when you say so.","L3 merges max+std"
"Empty States","Empty Watched","empty.watched","e-d-s3","","Y","Y","No finished titles logged in-app yet.","L3 merges max+std"
"Empty States","Empty Watched","empty.watched","e-d-x1","","","Y","Watched is empty. Either you are new here or you never mark things done.","Edge of judgment tone — review for Maximum rules"
"Empty States","Empty Up Next / Returning","empty.upnext","e-u-m1","Y","","","No upcoming shows on the radar.","Single Minimal line — small pool"
"Empty States","Empty Up Next / Returning","empty.upnext","e-u-s1","","Y","Y","No returning shows Flicklet can see on your calendar.","L3 merges max+std"
"Empty States","Empty Up Next / Returning","empty.upnext","e-u-s2","","Y","Y","Up Next is clear from here.","L3 merges max+std"
"Empty States","Empty Up Next / Returning","empty.upnext","e-u-s3","","Y","Y","Add series you follow — they will show up when dates exist.","Instructional — closer to functional"
"Empty States","Empty Up Next / Returning","empty.upnext","e-u-x1","","","Y","Nothing scheduled in Returning. The radar is quiet.","Max-only tier; L3 merged pool"
"Empty States","Empty Custom List","empty.customList","e-c-m1","Y","","","This list has no shows yet.","Single Minimal line — small pool"
"Empty States","Empty Custom List","empty.customList","e-c-s1","","Y","Y","{listName} exists but has no shows in it yet.","L3 merges max+std"
"Empty States","Empty Custom List","empty.customList","e-c-s2","","Y","Y","Empty custom list. Add a title or this stays a name only.","L3 merges max+std"
"Empty States","Empty Custom List","empty.customList","e-c-x1","","","Y","{listName} is waiting for its first show.","Max-only tier; L3 merged pool"
"For You Intro","Row intro under genre rail","discover.rowIntro","d-m-1","Y","","","Picked from your For You genres.","Functional — good Minimal"
"For You Intro","Row intro under genre rail","discover.rowIntro","d-m-2","Y","","","Based on your genre settings.","Functional — good Minimal"
"For You Intro","Row intro under genre rail","discover.rowIntro","d-s-1","","Y","Y","You keep circling {rowTitle}. Flicklet noticed.","L3 merges max+std"
"For You Intro","Row intro under genre rail","discover.rowIntro","d-s-2","","Y","Y","Your settings made this row happen.","L3 merges max+std"
"For You Intro","Row intro under genre rail","discover.rowIntro","d-s-3","","Y","Y","Not on your lists yet — surfaced for browsing.","L3 merges max+std"
"For You Intro","Row intro under genre rail","discover.rowIntro","d-s-4","","Y","Y","Genre lean: {rowTitle}. Your history shaped the filter.","L3 merges max+std"
"For You Intro","Row intro under genre rail","discover.rowIntro","d-s-5","","Y","Y","Hand-picked by your For You choices, not by guilt.","Candidate: new Standard (dry wit)"
"For You Intro","Row intro under genre rail","discover.rowIntro","d-s-6","","Y","Y","You watch {genre} sometimes. This row is obvious.","L3 merges max+std"
"For You Intro","Row intro under genre rail","discover.rowIntro","d-x-1","","","Y","Another {rowTitle} batch — Flicklet is not subtle.",""
"For You Intro","Row intro under genre rail","discover.rowIntro","d-x-2","","","Y","If you add from here, Watching might finally look busy.","Backlog/Watching stem"
"For You Intro","Row intro under genre rail","discover.rowIntro","d-x-3","","","Y","Recommendations you have not committed to yet.",""
