"System","Personality","TextKey","Variant","Wired in app","Text"
"Legacy character pack","Valley Girl","welcome","1","NO","Oh my God, {username}! You're, like, totally back!"
"Legacy character pack","Valley Girl","welcome","2","NO","Hiii {username}! So happy you're here!"
"Legacy character pack","Valley Girl","welcome","3","NO","OMG {username}! Finally! I was, like, waiting!"
"Legacy character pack","Valley Girl","empty","1","NO","This is, like, so empty right now."
"Legacy character pack","Valley Girl","empty","2","NO","Umm, there's literally nothing here."
"Legacy character pack","Valley Girl","empty","3","NO","It's giving... empty vibes."
"Legacy character pack","Valley Girl","add","1","NO","You should, like, totally add something!"
"Legacy character pack","Valley Girl","add","2","NO","Go ahead, add something cute!"
"Legacy character pack","Valley Girl","add","3","NO","Don't be shy! Add something!"
"Legacy character pack","Valley Girl","sarcasm","1","NO","Oh, like, sure."
"Legacy character pack","Valley Girl","sarcasm","2","NO","Yeah, totally."
"Legacy character pack","Valley Girl","sarcasm","3","NO","As if!"
"Legacy character pack","Valley Girl","emptyWatching","1","NO","Your watch list is, like, totally waiting for you!"
"Legacy character pack","Valley Girl","emptyWatching","2","NO","Nothing here yet! So sad!"
"Legacy character pack","Valley Girl","emptyWatching","3","NO","Like, you're not watching anything? Wild!"
"Legacy character pack","Valley Girl","emptyWishlist","1","NO","Your wishlist is, like, so lonely!"
"Legacy character pack","Valley Girl","emptyWishlist","2","NO","No wishes yet? That's, like, tragic!"
"Legacy character pack","Valley Girl","emptyWishlist","3","NO","Add something you want! It'll be so fun!"
"Legacy character pack","Valley Girl","emptyWatched","1","NO","You haven't watched anything? That's, like, wild!"
"Legacy character pack","Valley Girl","emptyWatched","2","NO","This is totally blank! Time to binge!"
"Legacy character pack","Valley Girl","emptyWatched","3","NO","Nothing watched yet? We need to fix that!"
"Legacy character pack","Valley Girl","emptyUpNext","1","NO","Nothing up next? Time for a binge sesh!"
"Legacy character pack","Valley Girl","emptyUpNext","2","NO","Your queue is, like, totally empty!"
"Legacy character pack","Valley Girl","emptyUpNext","3","NO","No shows lined up? Let's change that!"
"Legacy character pack","Valley Girl","itemAdded","1","YES","Yay! So added!"
"Legacy character pack","Valley Girl","itemAdded","2","YES","Done! That's, like, on your list now!"
"Legacy character pack","Valley Girl","itemAdded","3","YES","Totally added! You're gonna love it!"
"Legacy character pack","Valley Girl","itemRemoved","1","YES","Bye-bye! Totally removed!"
"Legacy character pack","Valley Girl","itemRemoved","2","YES","Gone! Like it was never there!"
"Legacy character pack","Valley Girl","itemRemoved","3","YES","Removed! Out of sight, out of mind!"
"Legacy character pack","Valley Girl","searchEmpty","1","NO","Ugh, like, nothing? Try again!"
"Legacy character pack","Valley Girl","searchEmpty","2","NO","No results! That's so annoying!"
"Legacy character pack","Valley Girl","searchEmpty","3","NO","Can't find anything! Try something else!"
"Legacy character pack","Valley Girl","searchLoading","1","YES","Searching... so exciting!"
"Legacy character pack","Valley Girl","searchLoading","2","YES","Looking, like, everywhere!"
"Legacy character pack","Valley Girl","searchLoading","3","YES","One sec! Finding stuff!"
"Legacy character pack","Valley Girl","errorGeneric","1","YES","Ugh, that's, like, so annoying. Try again?"
"Legacy character pack","Valley Girl","errorGeneric","2","YES","Something broke! Not cute!"
"Legacy character pack","Valley Girl","errorGeneric","3","YES","Oops! That totally didn't work!"
"Legacy character pack","Valley Girl","errorNetwork","1","NO","The wifi is being, like, totally rude right now."
"Legacy character pack","Valley Girl","errorNetwork","2","NO","No connection? Ugh, the worst!"
"Legacy character pack","Valley Girl","errorNetwork","3","NO","Internet's being dramatic. Try again!"
"Legacy character pack","Valley Girl","errorNotFound","1","NO","That's, like, nowhere to be found!"
"Legacy character pack","Valley Girl","errorNotFound","2","NO","Can't find it! It's totally gone!"
"Legacy character pack","Valley Girl","errorNotFound","3","NO","Not there! Maybe it never was?"
"Legacy character pack","Valley Girl","successSave","1","NO","Saved! So perf!"
"Legacy character pack","Valley Girl","successSave","2","NO","Done! Totally saved!"
"Legacy character pack","Valley Girl","successSave","3","NO","Yay! All saved!"
"Legacy character pack","Valley Girl","successImport","1","NO","Imported! You're, like, all set!"
"Legacy character pack","Valley Girl","successImport","2","NO","Everything's in! So exciting!"
"Legacy character pack","Valley Girl","successImport","3","NO","Import done! Let's gooo!"
"Legacy character pack","Valley Girl","successExport","1","NO","Exported! Go you!"
"Legacy character pack","Valley Girl","successExport","2","NO","All packed up and ready!"
"Legacy character pack","Valley Girl","successExport","3","NO","Export done! You're amazing!"
"Legacy character pack","Valley Girl","marquee1","1","NO","Find something, like, totally amazing!"
"Legacy character pack","Valley Girl","marquee1","2","NO","Discover your next obsession!"
"Legacy character pack","Valley Girl","marquee1","3","NO","So many shows! So little time!"
"Legacy character pack","Valley Girl","marquee2","1","NO","Keep track of your faves!"
"Legacy character pack","Valley Girl","marquee2","2","NO","Your shows, your way!"
"Legacy character pack","Valley Girl","marquee2","3","NO","Everything you love, like, right here!"
"Legacy character pack","Valley Girl","marquee3","1","NO","New eps are, like, everything!"
"Legacy character pack","Valley Girl","marquee3","2","NO","Never miss a new episode!"
"Legacy character pack","Valley Girl","marquee3","3","NO","Stay updated on all the things!"
"Legacy character pack","Valley Girl","marquee4","1","NO","Discover something adorbs!"
"Legacy character pack","Valley Girl","marquee4","2","NO","Find your next binge!"
"Legacy character pack","Valley Girl","marquee4","3","NO","Something new is waiting!"
"Legacy character pack","Valley Girl","marquee5","1","NO","Your streaming BFF!"
"Legacy character pack","Valley Girl","marquee5","2","NO","The cutest way to track shows!"
"Legacy character pack","Valley Girl","marquee5","3","NO","Like, totally your show tracker!"
"Legacy character pack","Detective Noir","welcome","1","NO","Well, well, well... {username}. Back on the case."
"Legacy character pack","Detective Noir","welcome","2","NO","{username}. I had a feeling you'd show."
"Legacy character pack","Detective Noir","welcome","3","NO","Look who walked in. {username}. This ought to be good."
"Legacy character pack","Detective Noir","empty","1","NO","Nothing here but shadows and regret."
"Legacy character pack","Detective Noir","empty","2","NO","Empty. Like a broken promise."
"Legacy character pack","Detective Noir","empty","3","NO","The void stares back. As usual."
"Legacy character pack","Detective Noir","add","1","NO","Every list needs a lead. Add one."
"Legacy character pack","Detective Noir","add","2","NO","Got something to add? Make it count."
"Legacy character pack","Detective Noir","add","3","NO","Put something on the board. We need a break."
"Legacy character pack","Detective Noir","sarcasm","1","NO","Sure. That'll solve everything."
"Legacy character pack","Detective Noir","sarcasm","2","NO","Right. Because that always works."
"Legacy character pack","Detective Noir","sarcasm","3","NO","Oh, perfect. Just perfect."
"Legacy character pack","Detective Noir","emptyWatching","1","NO","The watch list is cold. Dead end."
"Legacy character pack","Detective Noir","emptyWatching","2","NO","Nothing on the docket. Silence before the storm."
"Legacy character pack","Detective Noir","emptyWatching","3","NO","Empty case file. Waiting for a lead."
"Legacy character pack","Detective Noir","emptyWishlist","1","NO","Wishes. Everyone's got 'em. None here."
"Legacy character pack","Detective Noir","emptyWishlist","2","NO","The wishlist is as empty as my coffee cup."
"Legacy character pack","Detective Noir","emptyWishlist","3","NO","No wishes on file. Keep dreaming, kid."
"Legacy character pack","Detective Noir","emptyWatched","1","NO","A blank slate. Like a crime scene before the chalk."
"Legacy character pack","Detective Noir","emptyWatched","2","NO","Nothing in the record. Time to make history."
"Legacy character pack","Detective Noir","emptyWatched","3","NO","The watched pile's empty. Virgin territory."
"Legacy character pack","Detective Noir","emptyUpNext","1","NO","The docket's empty. Suspiciously quiet."
"Legacy character pack","Detective Noir","emptyUpNext","2","NO","Nothing queued. Calm before the storm."
"Legacy character pack","Detective Noir","emptyUpNext","3","NO","No leads on what's next. Keep digging."
"Legacy character pack","Detective Noir","itemAdded","1","YES","Filed away. Case noted."
"Legacy character pack","Detective Noir","itemAdded","2","YES","Added to the dossier."
"Legacy character pack","Detective Noir","itemAdded","3","YES","It's on the board now."
"Legacy character pack","Detective Noir","itemRemoved","1","YES","Erased. Like it never happened."
"Legacy character pack","Detective Noir","itemRemoved","2","YES","Struck from the record."
"Legacy character pack","Detective Noir","itemRemoved","3","YES","Gone. Some things are better forgotten."
"Legacy character pack","Detective Noir","searchEmpty","1","NO","Trail's gone cold. Try another angle."
"Legacy character pack","Detective Noir","searchEmpty","2","NO","Nothing. The case just got harder."
"Legacy character pack","Detective Noir","searchEmpty","3","NO","Dead end. Time to rethink the approach."
"Legacy character pack","Detective Noir","searchLoading","1","YES","Following the lead..."
"Legacy character pack","Detective Noir","searchLoading","2","YES","Working the case..."
"Legacy character pack","Detective Noir","searchLoading","3","YES","Checking the usual haunts..."
"Legacy character pack","Detective Noir","errorGeneric","1","YES","Something went sideways. It always does."
"Legacy character pack","Detective Noir","errorGeneric","2","YES","Hit a snag. Nothing new in this business."
"Legacy character pack","Detective Noir","errorGeneric","3","YES","The system choked. Figures."
"Legacy character pack","Detective Noir","errorNetwork","1","NO","The connection's cut. Someone didn't want us finding out."
"Legacy character pack","Detective Noir","errorNetwork","2","NO","Lost the signal. In this line of work, that's suspicious."
"Legacy character pack","Detective Noir","errorNetwork","3","NO","Network's down. Could be coincidence. I don't believe in coincidences."
"Legacy character pack","Detective Noir","errorNotFound","1","NO","Vanished. No trace. Typical."
"Legacy character pack","Detective Noir","errorNotFound","2","NO","It's gone. Like it was never there."
"Legacy character pack","Detective Noir","errorNotFound","3","NO","Missing. In this town, nothing stays found."
"Legacy character pack","Detective Noir","successSave","1","NO","Evidence secured."
"Legacy character pack","Detective Noir","successSave","2","NO","Locked in the safe."
"Legacy character pack","Detective Noir","successSave","3","NO","On the record. Permanently."
"Legacy character pack","Detective Noir","successImport","1","NO","Dossier received."
"Legacy character pack","Detective Noir","successImport","2","NO","Files transferred. The plot thickens."
"Legacy character pack","Detective Noir","successImport","3","NO","Import complete. New leads."
"Legacy character pack","Detective Noir","successExport","1","NO","Files handed off. Don't ask where."
"Legacy character pack","Detective Noir","successExport","2","NO","Exported. Out of my hands now."
"Legacy character pack","Detective Noir","successExport","3","NO","Package delivered. Someone else's problem."
"Legacy character pack","Detective Noir","marquee1","1","NO","Every show tells a story."
"Legacy character pack","Detective Noir","marquee1","2","NO","The truth is out there. In your queue."
"Legacy character pack","Detective Noir","marquee1","3","NO","Another night, another case to watch."
"Legacy character pack","Detective Noir","marquee2","1","NO","Keep your files in order."
"Legacy character pack","Detective Noir","marquee2","2","NO","A good detective keeps notes."
"Legacy character pack","Detective Noir","marquee2","3","NO","Track every lead. Miss nothing."
"Legacy character pack","Detective Noir","marquee3","1","NO","New episodes. New leads."
"Legacy character pack","Detective Noir","marquee3","2","NO","Fresh intel just dropped."
"Legacy character pack","Detective Noir","marquee3","3","NO","The case continues. New episode tonight."
"Legacy character pack","Detective Noir","marquee4","1","NO","Another mystery to crack."
"Legacy character pack","Detective Noir","marquee4","2","NO","Something new in the files."
"Legacy character pack","Detective Noir","marquee4","3","NO","Discovery waits for no one."
"Legacy character pack","Detective Noir","marquee5","1","NO","Where cases come to rest."
"Legacy character pack","Detective Noir","marquee5","2","NO","Your headquarters for the hunt."
"Legacy character pack","Detective Noir","marquee5","3","NO","The office that never sleeps."
"Legacy character pack","Sports Announcer","welcome","1","NO","AND WE'RE BACK with {username} in the game!"
"Legacy character pack","Sports Announcer","welcome","2","NO","The crowd goes wild! {username} has entered the arena!"
"Legacy character pack","Sports Announcer","welcome","3","NO","Ladies and gentlemen, {username} is BACK IN ACTION!"
"Legacy character pack","Sports Announcer","empty","1","NO","Empty bench! Time to draft some picks!"
"Legacy character pack","Sports Announcer","empty","2","NO","The roster's looking bare, folks!"
"Legacy character pack","Sports Announcer","empty","3","NO","No players on the field! Let's change that!"
"Legacy character pack","Sports Announcer","add","1","NO","Step up to the plate and make a selection!"
"Legacy character pack","Sports Announcer","add","2","NO","Time to make a power play! Add something!"
"Legacy character pack","Sports Announcer","add","3","NO","Draft your next pick!"
"Legacy character pack","Sports Announcer","sarcasm","1","NO","Oh, bold strategy there!"
"Legacy character pack","Sports Announcer","sarcasm","2","NO","Interesting play call!"
"Legacy character pack","Sports Announcer","sarcasm","3","NO","Well, that's certainly a choice!"
"Legacy character pack","Sports Announcer","emptyWatching","1","NO","No active plays! Let's get something on the field!"
"Legacy character pack","Sports Announcer","emptyWatching","2","NO","The watching roster is EMPTY! Time to recruit!"
"Legacy character pack","Sports Announcer","emptyWatching","3","NO","Bench is clear! Get some shows in the game!"
"Legacy character pack","Sports Announcer","emptyWishlist","1","NO","The wishlist roster is WIDE OPEN, folks!"
"Legacy character pack","Sports Announcer","emptyWishlist","2","NO","No prospects on the wishlist! Scout some shows!"
"Legacy character pack","Sports Announcer","emptyWishlist","3","NO","Empty draft board! Time to make some picks!"
"Legacy character pack","Sports Announcer","emptyWatched","1","NO","Zero in the stats column! Time to rack 'em up!"
"Legacy character pack","Sports Announcer","emptyWatched","2","NO","No completions on record! Let's change that!"
"Legacy character pack","Sports Announcer","emptyWatched","3","NO","The trophy case is empty! Start your winning streak!"
"Legacy character pack","Sports Announcer","emptyUpNext","1","NO","The lineup is clear! Ready for the next play!"
"Legacy character pack","Sports Announcer","emptyUpNext","2","NO","No shows warming up! Queue up your next move!"
"Legacy character pack","Sports Announcer","emptyUpNext","3","NO","On-deck circle is empty! Who's batting next?"
"Legacy character pack","Sports Announcer","itemAdded","1","YES","AND IT'S IN! Great addition to the roster!"
"Legacy character pack","Sports Announcer","itemAdded","2","YES","SCORE! That's on the board!"
"Legacy character pack","Sports Announcer","itemAdded","3","YES","What a pickup! Added to the team!"
"Legacy character pack","Sports Announcer","itemRemoved","1","YES","Off the board! That's a trade, folks!"
"Legacy character pack","Sports Announcer","itemRemoved","2","YES","Released from the roster!"
"Legacy character pack","Sports Announcer","itemRemoved","3","YES","Cleared from the lineup! Making room for new talent!"
"Legacy character pack","Sports Announcer","searchEmpty","1","NO","No hits on that search! Swing again!"
"Legacy character pack","Sports Announcer","searchEmpty","2","NO","Strike! Nothing found! Step back up to the plate!"
"Legacy character pack","Sports Announcer","searchEmpty","3","NO","That's a miss! Try another pitch!"
"Legacy character pack","Sports Announcer","searchLoading","1","YES","Scanning the field..."
"Legacy character pack","Sports Announcer","searchLoading","2","YES","Reviewing the playbook..."
"Legacy character pack","Sports Announcer","searchLoading","3","YES","Checking the stats..."
"Legacy character pack","Sports Announcer","errorGeneric","1","YES","Fumble! Let's try that play again!"
"Legacy character pack","Sports Announcer","errorGeneric","2","YES","Technical foul on the system! Reset and retry!"
"Legacy character pack","Sports Announcer","errorGeneric","3","YES","Flag on the play! Something went wrong!"
"Legacy character pack","Sports Announcer","errorNetwork","1","NO","Technical difficulties on the field!"
"Legacy character pack","Sports Announcer","errorNetwork","2","NO","We've lost the broadcast signal, folks!"
"Legacy character pack","Sports Announcer","errorNetwork","3","NO","Connection dropped! Weather delay!"
"Legacy character pack","Sports Announcer","errorNotFound","1","NO","That one's out of bounds!"
"Legacy character pack","Sports Announcer","errorNotFound","2","NO","Can't find it! It's left the stadium!"
"Legacy character pack","Sports Announcer","errorNotFound","3","NO","That play's been called back! Not found!"
"Legacy character pack","Sports Announcer","successSave","1","NO","SAVED! Right into the record books!"
"Legacy character pack","Sports Announcer","successSave","2","NO","That's a keeper! Saved!"
"Legacy character pack","Sports Announcer","successSave","3","NO","In the vault! Great save!"
"Legacy character pack","Sports Announcer","successImport","1","NO","Roster imported! Looking strong!"
"Legacy character pack","Sports Announcer","successImport","2","NO","Trade complete! New players on board!"
"Legacy character pack","Sports Announcer","successImport","3","NO","Import successful! The team's loaded!"
"Legacy character pack","Sports Announcer","successExport","1","NO","Stats exported! Ready for analysis!"
"Legacy character pack","Sports Announcer","successExport","2","NO","Playbook sent! Good luck out there!"
"Legacy character pack","Sports Announcer","successExport","3","NO","Export complete! Take that data and run!"
"Legacy character pack","Sports Announcer","marquee1","1","NO","Find your next MVP!"
"Legacy character pack","Sports Announcer","marquee1","2","NO","Draft your entertainment lineup!"
"Legacy character pack","Sports Announcer","marquee1","3","NO","The big game starts here!"
"Legacy character pack","Sports Announcer","marquee2","1","NO","Track your winning streak!"
"Legacy character pack","Sports Announcer","marquee2","2","NO","Keep score of everything!"
"Legacy character pack","Sports Announcer","marquee2","3","NO","Your personal stats tracker!"
"Legacy character pack","Sports Announcer","marquee3","1","NO","New episodes hitting the field!"
"Legacy character pack","Sports Announcer","marquee3","2","NO","Fresh content in the lineup!"
"Legacy character pack","Sports Announcer","marquee3","3","NO","Tonight's matchup is looking good!"
"Legacy character pack","Sports Announcer","marquee4","1","NO","Scout your next binge!"
"Legacy character pack","Sports Announcer","marquee4","2","NO","Discover tomorrow's champions!"
"Legacy character pack","Sports Announcer","marquee4","3","NO","The draft board awaits!"
"Legacy character pack","Sports Announcer","marquee5","1","NO","Your entertainment playbook!"
"Legacy character pack","Sports Announcer","marquee5","2","NO","Championship-level tracking!"
"Legacy character pack","Sports Announcer","marquee5","3","NO","Where winners keep score!"
"Legacy character pack","Zen","welcome","1","NO","Welcome, {username}. The present moment awaits."
"Legacy character pack","Zen","welcome","2","NO","Greetings, {username}. Find peace in what you seek."
"Legacy character pack","Zen","welcome","3","NO","{username}. Breathe. You have arrived."
"Legacy character pack","Zen","empty","1","NO","Emptiness holds infinite possibility."
"Legacy character pack","Zen","empty","2","NO","In nothing, everything waits."
"Legacy character pack","Zen","empty","3","NO","The space is clear. Potential abounds."
"Legacy character pack","Zen","add","1","NO","When ready, choose what speaks to you."
"Legacy character pack","Zen","add","2","NO","Add what brings you joy."
"Legacy character pack","Zen","add","3","NO","Select mindfully. There is no rush."
"Legacy character pack","Zen","sarcasm","1","NO","All paths have meaning."
"Legacy character pack","Zen","sarcasm","2","NO","Every choice teaches."
"Legacy character pack","Zen","sarcasm","3","NO","Interesting. Reflect on this."
"Legacy character pack","Zen","emptyWatching","1","NO","A clear path. Nothing currently held."
"Legacy character pack","Zen","emptyWatching","2","NO","The watching space rests in stillness."
"Legacy character pack","Zen","emptyWatching","3","NO","No active journeys. When ready, begin."
"Legacy character pack","Zen","emptyWishlist","1","NO","The wishlist rests in stillness."
"Legacy character pack","Zen","emptyWishlist","2","NO","Desires not yet named. That is okay."
"Legacy character pack","Zen","emptyWishlist","3","NO","An empty vessel awaits your intentions."
"Legacy character pack","Zen","emptyWatched","1","NO","No journeys completed yet. Each begins with one step."
"Legacy character pack","Zen","emptyWatched","2","NO","The watched space is clear. Memories will come."
"Legacy character pack","Zen","emptyWatched","3","NO","A blank canvas. Your story will fill it."
"Legacy character pack","Zen","emptyUpNext","1","NO","The way forward is unwritten."
"Legacy character pack","Zen","emptyUpNext","2","NO","Nothing queued. Stillness before motion."
"Legacy character pack","Zen","emptyUpNext","3","NO","The next step will reveal itself."
"Legacy character pack","Zen","itemAdded","1","YES","Acknowledged. It joins your collection."
"Legacy character pack","Zen","itemAdded","2","YES","Added with intention."
"Legacy character pack","Zen","itemAdded","3","YES","Received. A new possibility."
"Legacy character pack","Zen","itemRemoved","1","YES","Released. Let it go freely."
"Legacy character pack","Zen","itemRemoved","2","YES","Removed. Space is restored."
"Legacy character pack","Zen","itemRemoved","3","YES","Let go. It served its purpose."
"Legacy character pack","Zen","searchEmpty","1","NO","Not all paths lead somewhere. Seek another."
"Legacy character pack","Zen","searchEmpty","2","NO","Nothing found. The journey continues."
"Legacy character pack","Zen","searchEmpty","3","NO","Empty results. A redirection, perhaps."
"Legacy character pack","Zen","searchLoading","1","YES","Searching with patience..."
"Legacy character pack","Zen","searchLoading","2","YES","Seeking in stillness..."
"Legacy character pack","Zen","searchLoading","3","YES","The answer approaches..."
"Legacy character pack","Zen","errorGeneric","1","YES","A ripple in the stream. It will pass."
"Legacy character pack","Zen","errorGeneric","2","YES","An obstacle. Pause and try again."
"Legacy character pack","Zen","errorGeneric","3","YES","Something shifted. Breathe and retry."
"Legacy character pack","Zen","errorNetwork","1","NO","The connection wavers. Breathe and try again."
"Legacy character pack","Zen","errorNetwork","2","NO","The path is blocked. It will clear."
"Legacy character pack","Zen","errorNetwork","3","NO","A disruption. Patience will resolve it."
"Legacy character pack","Zen","errorNotFound","1","NO","What is sought is not here. Perhaps elsewhere."
"Legacy character pack","Zen","errorNotFound","2","NO","Not found. Accept and move forward."
"Legacy character pack","Zen","errorNotFound","3","NO","Gone from this place. Look anew."
"Legacy character pack","Zen","successSave","1","NO","Preserved in tranquility."
"Legacy character pack","Zen","successSave","2","NO","Saved. Safe in stillness."
"Legacy character pack","Zen","successSave","3","NO","Secured. Rest easy."
"Legacy character pack","Zen","successImport","1","NO","Received with gratitude."
"Legacy character pack","Zen","successImport","2","NO","Imported. New beginnings."
"Legacy character pack","Zen","successImport","3","NO","Welcomed into the fold."
"Legacy character pack","Zen","successExport","1","NO","Shared with the world."
"Legacy character pack","Zen","successExport","2","NO","Released outward. May it serve."
"Legacy character pack","Zen","successExport","3","NO","Exported. A gift given."
"Legacy character pack","Zen","marquee1","1","NO","Discover at your own pace."
"Legacy character pack","Zen","marquee1","2","NO","Find what resonates."
"Legacy character pack","Zen","marquee1","3","NO","The journey is the destination."
"Legacy character pack","Zen","marquee2","1","NO","Mindfully track your journey."
"Legacy character pack","Zen","marquee2","2","NO","Keep what matters close."
"Legacy character pack","Zen","marquee2","3","NO","Organize with intention."
"Legacy character pack","Zen","marquee3","1","NO","New stories arrive like seasons."
"Legacy character pack","Zen","marquee3","2","NO","Fresh content awaits discovery."
"Legacy character pack","Zen","marquee3","3","NO","Each episode, a new moment."
"Legacy character pack","Zen","marquee4","1","NO","Find what resonates."
"Legacy character pack","Zen","marquee4","2","NO","Explore without expectation."
"Legacy character pack","Zen","marquee4","3","NO","Discovery brings growth."
"Legacy character pack","Zen","marquee5","1","NO","A peaceful space for entertainment."
"Legacy character pack","Zen","marquee5","2","NO","Where entertainment meets mindfulness."
"Legacy character pack","Zen","marquee5","3","NO","Your calm corner of streaming."
"Legacy character pack","Surfer","welcome","1","NO","Yo {username}! Stoked you're back, bro!"
"Legacy character pack","Surfer","welcome","2","NO","Duuude, {username}! Welcome back to the lineup!"
"Legacy character pack","Surfer","welcome","3","NO","'Sup {username}! Ready to catch some waves?"
"Legacy character pack","Surfer","empty","1","NO","Pretty mellow over here, dude."
"Legacy character pack","Surfer","empty","2","NO","Nothing but calm waters."
"Legacy character pack","Surfer","empty","3","NO","Empty, bro. Like a flat day at the beach."
"Legacy character pack","Surfer","add","1","NO","Catch a wave, add something rad!"
"Legacy character pack","Surfer","add","2","NO","Paddle in and grab something, dude!"
"Legacy character pack","Surfer","add","3","NO","Add something gnarly to your board!"
"Legacy character pack","Surfer","sarcasm","1","NO","Sure, bro. Whatever floats your boat."
"Legacy character pack","Surfer","sarcasm","2","NO","Yeah, man. That's... something."
"Legacy character pack","Surfer","sarcasm","3","NO","Whoa. Okay then, dude."
"Legacy character pack","Surfer","emptyWatching","1","NO","No shows in the lineup yet, bro."
"Legacy character pack","Surfer","emptyWatching","2","NO","The watching waters are calm."
"Legacy character pack","Surfer","emptyWatching","3","NO","Nothing on the board. Time to paddle out!"
"Legacy character pack","Surfer","emptyWishlist","1","NO","Wishlist's looking chill. Too chill maybe."
"Legacy character pack","Surfer","emptyWishlist","2","NO","No wishes on the horizon, dude."
"Legacy character pack","Surfer","emptyWishlist","3","NO","Empty lineup. Dream up some shows!"
"Legacy character pack","Surfer","emptyWatched","1","NO","Haven't caught any waves here yet, dude."
"Legacy character pack","Surfer","emptyWatched","2","NO","No rides logged. Get out there!"
"Legacy character pack","Surfer","emptyWatched","3","NO","Clean slate, bro. Make some memories!"
"Legacy character pack","Surfer","emptyUpNext","1","NO","Flat seas ahead. Paddle out when ready."
"Legacy character pack","Surfer","emptyUpNext","2","NO","Nothing on deck, dude. Chill for now."
"Legacy character pack","Surfer","emptyUpNext","3","NO","Next wave's coming. Just wait for it."
"Legacy character pack","Surfer","itemAdded","1","YES","Sick! That's on the board now!"
"Legacy character pack","Surfer","itemAdded","2","YES","Gnarly! Added to your lineup!"
"Legacy character pack","Surfer","itemAdded","3","YES","Rad pick, bro! It's in!"
"Legacy character pack","Surfer","itemRemoved","1","YES","Wiped out. It's gone, bro."
"Legacy character pack","Surfer","itemRemoved","2","YES","Washed away, dude."
"Legacy character pack","Surfer","itemRemoved","3","YES","Off the board! No worries!"
"Legacy character pack","Surfer","searchEmpty","1","NO","No waves on that one. Try another break."
"Legacy character pack","Surfer","searchEmpty","2","NO","Nothing out there, bro. Paddle elsewhere!"
"Legacy character pack","Surfer","searchEmpty","3","NO","Flat, dude. Different search maybe?"
"Legacy character pack","Surfer","searchLoading","1","YES","Scanning the horizon..."
"Legacy character pack","Surfer","searchLoading","2","YES","Looking for sets, bro..."
"Legacy character pack","Surfer","searchLoading","3","YES","Checking the lineup..."
"Legacy character pack","Surfer","errorGeneric","1","YES","Bummer, dude. Give it another go."
"Legacy character pack","Surfer","errorGeneric","2","YES","Wipeout! Try again, bro."
"Legacy character pack","Surfer","errorGeneric","3","YES","That didn't work. No stress, retry!"
"Legacy character pack","Surfer","errorNetwork","1","NO","Signal's wiped out, bro."
"Legacy character pack","Surfer","errorNetwork","2","NO","Lost the connection, dude. Gnarly."
"Legacy character pack","Surfer","errorNetwork","3","NO","Network's gone surfing without us."
"Legacy character pack","Surfer","errorNotFound","1","NO","That one drifted away, man."
"Legacy character pack","Surfer","errorNotFound","2","NO","Can't find it. Like a lost board."
"Legacy character pack","Surfer","errorNotFound","3","NO","Gone with the tide, bro."
"Legacy character pack","Surfer","successSave","1","NO","Locked in! Gnarly!"
"Legacy character pack","Surfer","successSave","2","NO","Saved, dude! All good!"
"Legacy character pack","Surfer","successSave","3","NO","Stashed safely, bro!"
"Legacy character pack","Surfer","successImport","1","NO","Imported! Righteous!"
"Legacy character pack","Surfer","successImport","2","NO","Brought it all in, dude!"
"Legacy character pack","Surfer","successImport","3","NO","Import's in! Sick!"
"Legacy character pack","Surfer","successExport","1","NO","Sent out to sea, bro!"
"Legacy character pack","Surfer","successExport","2","NO","Exported! Catch ya later!"
"Legacy character pack","Surfer","successExport","3","NO","Off it goes! Cowabunga!"
"Legacy character pack","Surfer","marquee1","1","NO","Catch your next binge wave!"
"Legacy character pack","Surfer","marquee1","2","NO","Find your perfect ride!"
"Legacy character pack","Surfer","marquee1","3","NO","Endless waves of content!"
"Legacy character pack","Surfer","marquee2","1","NO","Ride the entertainment current!"
"Legacy character pack","Surfer","marquee2","2","NO","Track your sessions, bro!"
"Legacy character pack","Surfer","marquee2","3","NO","Your surf log for shows!"
"Legacy character pack","Surfer","marquee3","1","NO","New episodes rolling in!"
"Legacy character pack","Surfer","marquee3","2","NO","Fresh sets on the horizon!"
"Legacy character pack","Surfer","marquee3","3","NO","The swell's looking good!"
"Legacy character pack","Surfer","marquee4","1","NO","Discover some gnarly content!"
"Legacy character pack","Surfer","marquee4","2","NO","Scout the next big wave!"
"Legacy character pack","Surfer","marquee4","3","NO","Something rad awaits!"
"Legacy character pack","Surfer","marquee5","1","NO","Your chill streaming zone!"
"Legacy character pack","Surfer","marquee5","2","NO","Hang loose and watch shows!"
"Legacy character pack","Surfer","marquee5","3","NO","The beach house of streaming!"
"Legacy character pack","Medieval Bard","welcome","1","NO","Hark! {username} returns to the grand hall!"
"Legacy character pack","Medieval Bard","welcome","2","NO","Rejoice! For {username} graces us once more!"
"Legacy character pack","Medieval Bard","welcome","3","NO","The bard sings of {username}'s triumphant return!"
"Legacy character pack","Medieval Bard","empty","1","NO","Alas, this chamber stands barren."
"Legacy character pack","Medieval Bard","empty","2","NO","The scroll remains unwritten."
"Legacy character pack","Medieval Bard","empty","3","NO","Naught but echoes fill this empty hall."
"Legacy character pack","Medieval Bard","add","1","NO","Inscribe thy choice upon the scroll!"
"Legacy character pack","Medieval Bard","add","2","NO","Add to thy collection, noble patron!"
"Legacy character pack","Medieval Bard","add","3","NO","Let thy selection be known!"
"Legacy character pack","Medieval Bard","sarcasm","1","NO","Truly, a choice most... unique."
"Legacy character pack","Medieval Bard","sarcasm","2","NO","The muses weep with... joy?"
"Legacy character pack","Medieval Bard","sarcasm","3","NO","How... wonderfully peculiar."
"Legacy character pack","Medieval Bard","emptyWatching","1","NO","Thy watching chamber lies dormant!"
"Legacy character pack","Medieval Bard","emptyWatching","2","NO","No tales currently unfold before thee."
"Legacy character pack","Medieval Bard","emptyWatching","3","NO","The stage awaits thy chosen performers!"
"Legacy character pack","Medieval Bard","emptyWishlist","1","NO","Thy wishlist scroll remains blank!"
"Legacy character pack","Medieval Bard","emptyWishlist","2","NO","No desires have been proclaimed!"
"Legacy character pack","Medieval Bard","emptyWishlist","3","NO","Empty dreams await thy inscriptions!"
"Legacy character pack","Medieval Bard","emptyWatched","1","NO","No sagas have been witnessed!"
"Legacy character pack","Medieval Bard","emptyWatched","2","NO","Thy chronicle of tales is yet unwritten!"
"Legacy character pack","Medieval Bard","emptyWatched","3","NO","The annals of watched shows stand empty!"
"Legacy character pack","Medieval Bard","emptyUpNext","1","NO","No performances queue in the wings!"
"Legacy character pack","Medieval Bard","emptyUpNext","2","NO","The next act has yet to be chosen!"
"Legacy character pack","Medieval Bard","emptyUpNext","3","NO","Thy future viewings remain unscripted!"
"Legacy character pack","Medieval Bard","itemAdded","1","YES","Huzzah! 'Tis added to thy collection!"
"Legacy character pack","Medieval Bard","itemAdded","2","YES","So it is written! So it shall be!"
"Legacy character pack","Medieval Bard","itemAdded","3","YES","The scroll records thy noble addition!"
"Legacy character pack","Medieval Bard","itemRemoved","1","YES","Banished from the records!"
"Legacy character pack","Medieval Bard","itemRemoved","2","YES","Struck from the chronicles!"
"Legacy character pack","Medieval Bard","itemRemoved","3","YES","The tale is told no more!"
"Legacy character pack","Medieval Bard","searchEmpty","1","NO","The search yields no treasures!"
"Legacy character pack","Medieval Bard","searchEmpty","2","NO","Alas, the quest finds naught!"
"Legacy character pack","Medieval Bard","searchEmpty","3","NO","Thy sought prize eludes thee!"
"Legacy character pack","Medieval Bard","searchLoading","1","YES","The scribes search the archives..."
"Legacy character pack","Medieval Bard","searchLoading","2","YES","Seeking through ancient records..."
"Legacy character pack","Medieval Bard","searchLoading","3","YES","The quest for knowledge proceeds..."
"Legacy character pack","Medieval Bard","errorGeneric","1","YES","Curses! Something hath gone awry!"
"Legacy character pack","Medieval Bard","errorGeneric","2","YES","A mishap most foul! Try once more!"
"Legacy character pack","Medieval Bard","errorGeneric","3","YES","The fates conspire against us!"
"Legacy character pack","Medieval Bard","errorNetwork","1","NO","The messenger ravens have lost their way!"
"Legacy character pack","Medieval Bard","errorNetwork","2","NO","Our connection to distant lands is severed!"
"Legacy character pack","Medieval Bard","errorNetwork","3","NO","The network of couriers hath failed!"
"Legacy character pack","Medieval Bard","errorNotFound","1","NO","Vanished like mist at dawn!"
"Legacy character pack","Medieval Bard","errorNotFound","2","NO","'Twas not found in any kingdom!"
"Legacy character pack","Medieval Bard","errorNotFound","3","NO","Lost to the annals of time!"
"Legacy character pack","Medieval Bard","successSave","1","NO","Preserved for posterity!"
"Legacy character pack","Medieval Bard","successSave","2","NO","Inscribed upon the eternal scroll!"
"Legacy character pack","Medieval Bard","successSave","3","NO","Saved in the royal archives!"
"Legacy character pack","Medieval Bard","successImport","1","NO","Treasures from afar have arrived!"
"Legacy character pack","Medieval Bard","successImport","2","NO","The caravan of data hath arrived!"
"Legacy character pack","Medieval Bard","successImport","3","NO","Imported from distant realms!"
"Legacy character pack","Medieval Bard","successExport","1","NO","Dispatched to foreign lands!"
"Legacy character pack","Medieval Bard","successExport","2","NO","The scroll travels forth!"
"Legacy character pack","Medieval Bard","successExport","3","NO","Exported to the four corners!"
"Legacy character pack","Medieval Bard","marquee1","1","NO","Discover tales most wondrous!"
"Legacy character pack","Medieval Bard","marquee1","2","NO","Seek thy next great adventure!"
"Legacy character pack","Medieval Bard","marquee1","3","NO","Stories await the worthy!"
"Legacy character pack","Medieval Bard","marquee2","1","NO","Chronicle thy viewing journeys!"
"Legacy character pack","Medieval Bard","marquee2","2","NO","Keep record of thy quests!"
"Legacy character pack","Medieval Bard","marquee2","3","NO","The ledger awaits thy entries!"
"Legacy character pack","Medieval Bard","marquee3","1","NO","New chapters emerge forthwith!"
"Legacy character pack","Medieval Bard","marquee3","2","NO","Fresh tales from the storytellers!"
"Legacy character pack","Medieval Bard","marquee3","3","NO","The saga continues anon!"
"Legacy character pack","Medieval Bard","marquee4","1","NO","Uncover treasures unknown!"
"Legacy character pack","Medieval Bard","marquee4","2","NO","Adventure calls to thee!"
"Legacy character pack","Medieval Bard","marquee4","3","NO","What mysteries await?"
"Legacy character pack","Medieval Bard","marquee5","1","NO","Thy entertainment kingdom!"
"Legacy character pack","Medieval Bard","marquee5","2","NO","Where legends come to dwell!"
"Legacy character pack","Medieval Bard","marquee5","3","NO","The grand hall of stories!"
"Legacy character pack","Grumpy Old Man","welcome","1","NO","Oh, it's you, {username}. Back again, huh?"
"Legacy character pack","Grumpy Old Man","welcome","2","NO","{username}. What do you want now?"
"Legacy character pack","Grumpy Old Man","welcome","3","NO","Look who finally showed up. {username}."
"Legacy character pack","Grumpy Old Man","empty","1","NO","Empty. Just like my patience."
"Legacy character pack","Grumpy Old Man","empty","2","NO","Nothing here. Big surprise."
"Legacy character pack","Grumpy Old Man","empty","3","NO","Bare as a bone. What'd you expect?"
"Legacy character pack","Grumpy Old Man","add","1","NO","Well? Add something already."
"Legacy character pack","Grumpy Old Man","add","2","NO","Pick something. I haven't got all day."
"Legacy character pack","Grumpy Old Man","add","3","NO","You gonna add something or just stare?"
"Legacy character pack","Grumpy Old Man","sarcasm","1","NO","Oh, brilliant. Just brilliant."
"Legacy character pack","Grumpy Old Man","sarcasm","2","NO","Wonderful. Truly spectacular."
"Legacy character pack","Grumpy Old Man","sarcasm","3","NO","Great. Another one of those."
"Legacy character pack","Grumpy Old Man","emptyWatching","1","NO","Nothing being watched. Typical."
"Legacy character pack","Grumpy Old Man","emptyWatching","2","NO","Empty watch list. Color me shocked."
"Legacy character pack","Grumpy Old Man","emptyWatching","3","NO","No shows? What do you do all day?"
"Legacy character pack","Grumpy Old Man","emptyWishlist","1","NO","Wishlist's empty. Dreams are free, you know."
"Legacy character pack","Grumpy Old Man","emptyWishlist","2","NO","No wishes? Even I have wishes."
"Legacy character pack","Grumpy Old Man","emptyWishlist","3","NO","Blank wishlist. You don't want anything?"
"Legacy character pack","Grumpy Old Man","emptyWatched","1","NO","Haven't watched anything. Productive."
"Legacy character pack","Grumpy Old Man","emptyWatched","2","NO","Nothing completed. Par for the course."
"Legacy character pack","Grumpy Old Man","emptyWatched","3","NO","Empty watched list. We were all young once."
"Legacy character pack","Grumpy Old Man","emptyUpNext","1","NO","Nothing up next. Living dangerously."
"Legacy character pack","Grumpy Old Man","emptyUpNext","2","NO","No queue? Flying by the seat of your pants."
"Legacy character pack","Grumpy Old Man","emptyUpNext","3","NO","Up next: absolutely nothing. Great plan."
"Legacy character pack","Grumpy Old Man","itemAdded","1","YES","Fine. It's added."
"Legacy character pack","Grumpy Old Man","itemAdded","2","YES","There. Happy now?"
"Legacy character pack","Grumpy Old Man","itemAdded","3","YES","Added. Don't thank me all at once."
"Legacy character pack","Grumpy Old Man","itemRemoved","1","YES","Gone. Good riddance."
"Legacy character pack","Grumpy Old Man","itemRemoved","2","YES","Removed. Finally some progress."
"Legacy character pack","Grumpy Old Man","itemRemoved","3","YES","Out of here. Next."
"Legacy character pack","Grumpy Old Man","searchEmpty","1","NO","Nothing. Shocking, I know."
"Legacy character pack","Grumpy Old Man","searchEmpty","2","NO","No results. Try harder."
"Legacy character pack","Grumpy Old Man","searchEmpty","3","NO","Couldn't find it. Story of my life."
"Legacy character pack","Grumpy Old Man","searchLoading","1","YES","Hold your horses. Searching..."
"Legacy character pack","Grumpy Old Man","searchLoading","2","YES","Working on it. Patience."
"Legacy character pack","Grumpy Old Man","searchLoading","3","YES","Looking. Give me a second."
"Legacy character pack","Grumpy Old Man","errorGeneric","1","YES","It broke. Of course it did."
"Legacy character pack","Grumpy Old Man","errorGeneric","2","YES","Something went wrong. As usual."
"Legacy character pack","Grumpy Old Man","errorGeneric","3","YES","Error. What else is new?"
"Legacy character pack","Grumpy Old Man","errorNetwork","1","NO","Connection's gone. Figures."
"Legacy character pack","Grumpy Old Man","errorNetwork","2","NO","Network's down. In my day, we had dial-up."
"Legacy character pack","Grumpy Old Man","errorNetwork","3","NO","Lost the connection. Modern technology..."
"Legacy character pack","Grumpy Old Man","errorNotFound","1","NO","Can't find it. Probably never existed."
"Legacy character pack","Grumpy Old Man","errorNotFound","2","NO","Not there. Someone moved it."
"Legacy character pack","Grumpy Old Man","errorNotFound","3","NO","Gone. Things always disappear on me."
"Legacy character pack","Grumpy Old Man","successSave","1","NO","Saved. There."
"Legacy character pack","Grumpy Old Man","successSave","2","NO","Done. Finally."
"Legacy character pack","Grumpy Old Man","successSave","3","NO","It's saved. You're welcome."
"Legacy character pack","Grumpy Old Man","successImport","1","NO","Imported. All that nonsense."
"Legacy character pack","Grumpy Old Man","successImport","2","NO","It's in. The whole lot."
"Legacy character pack","Grumpy Old Man","successImport","3","NO","Import done. Happy?"
"Legacy character pack","Grumpy Old Man","successExport","1","NO","Exported. Take it and go."
"Legacy character pack","Grumpy Old Man","successExport","2","NO","Sent off. Not my problem now."
"Legacy character pack","Grumpy Old Man","successExport","3","NO","Export complete. Don't lose it."
"Legacy character pack","Grumpy Old Man","marquee1","1","NO","Find something. Or don't. See if I care."
"Legacy character pack","Grumpy Old Man","marquee1","2","NO","Shows to watch. If you have the time."
"Legacy character pack","Grumpy Old Man","marquee1","3","NO","Discover stuff. It's all the rage."
"Legacy character pack","Grumpy Old Man","marquee2","1","NO","Keep track. Organization won't kill you."
"Legacy character pack","Grumpy Old Man","marquee2","2","NO","Your lists. Don't mess them up."
"Legacy character pack","Grumpy Old Man","marquee2","3","NO","Stay organized. For once."
"Legacy character pack","Grumpy Old Man","marquee3","1","NO","New episodes. They never stop."
"Legacy character pack","Grumpy Old Man","marquee3","2","NO","More content. Like we need more."
"Legacy character pack","Grumpy Old Man","marquee3","3","NO","New stuff coming. Brace yourself."
"Legacy character pack","Grumpy Old Man","marquee4","1","NO","Find something new. Or rewatch. Whatever."
"Legacy character pack","Grumpy Old Man","marquee4","2","NO","Discover shows. Knock yourself out."
"Legacy character pack","Grumpy Old Man","marquee4","3","NO","There's more out there. Unfortunately."
"Legacy character pack","Grumpy Old Man","marquee5","1","NO","Your show tracker. You're welcome."
"Legacy character pack","Grumpy Old Man","marquee5","2","NO","Track your shows. It's not rocket science."
"Legacy character pack","Grumpy Old Man","marquee5","3","NO","The app for your shows. Use it wisely."
"Legacy character pack","Fantasy Wizard","welcome","1","NO","Ah, {username}! The stars foretold your return!"
"Legacy character pack","Fantasy Wizard","welcome","2","NO","By the ancient runes, {username} has arrived!"
"Legacy character pack","Fantasy Wizard","welcome","3","NO","The crystal reveals {username}! Welcome, seeker!"
"Legacy character pack","Fantasy Wizard","empty","1","NO","The void awaits to be filled with wonder."
"Legacy character pack","Fantasy Wizard","empty","2","NO","Empty as a spent mana pool."
"Legacy character pack","Fantasy Wizard","empty","3","NO","Naught but arcane potential resides here."
"Legacy character pack","Fantasy Wizard","add","1","NO","Summon forth your selection!"
"Legacy character pack","Fantasy Wizard","add","2","NO","Inscribe your choice in the arcane ledger!"
"Legacy character pack","Fantasy Wizard","add","3","NO","Add to your mystical collection!"
"Legacy character pack","Fantasy Wizard","sarcasm","1","NO","How... enchantingly mundane."
"Legacy character pack","Fantasy Wizard","sarcasm","2","NO","The prophecy mentioned this. Sort of."
"Legacy character pack","Fantasy Wizard","sarcasm","3","NO","Truly, the magic is... somewhere."
"Legacy character pack","Fantasy Wizard","emptyWatching","1","NO","Thy scrying pool shows no visions!"
"Legacy character pack","Fantasy Wizard","emptyWatching","2","NO","No magical tales currently unfolding!"
"Legacy character pack","Fantasy Wizard","emptyWatching","3","NO","The watching crystal lies dormant!"
"Legacy character pack","Fantasy Wizard","emptyWishlist","1","NO","Thy wishlist scroll is blank, young seeker!"
"Legacy character pack","Fantasy Wizard","emptyWishlist","2","NO","No enchantments have been desired!"
"Legacy character pack","Fantasy Wizard","emptyWishlist","3","NO","The grimoire of wishes stands empty!"
"Legacy character pack","Fantasy Wizard","emptyWatched","1","NO","No sagas have passed before thine eyes!"
"Legacy character pack","Fantasy Wizard","emptyWatched","2","NO","The tome of completed quests lies blank!"
"Legacy character pack","Fantasy Wizard","emptyWatched","3","NO","No tales have been witnessed in this realm!"
"Legacy character pack","Fantasy Wizard","emptyUpNext","1","NO","The future remains unwritten in the stars!"
"Legacy character pack","Fantasy Wizard","emptyUpNext","2","NO","No prophecies queue for revelation!"
"Legacy character pack","Fantasy Wizard","emptyUpNext","3","NO","The next chapter awaits your choosing!"
"Legacy character pack","Fantasy Wizard","itemAdded","1","YES","The spell is cast! 'Tis added!"
"Legacy character pack","Fantasy Wizard","itemAdded","2","YES","Bound to your collection by arcane forces!"
"Legacy character pack","Fantasy Wizard","itemAdded","3","YES","The enchantment takes hold! Added!"
"Legacy character pack","Fantasy Wizard","itemRemoved","1","YES","Banished to the shadow realm!"
"Legacy character pack","Fantasy Wizard","itemRemoved","2","YES","The unbinding spell is complete!"
"Legacy character pack","Fantasy Wizard","itemRemoved","3","YES","Removed from existence! Well, the list."
"Legacy character pack","Fantasy Wizard","searchEmpty","1","NO","The divination reveals nothing!"
"Legacy character pack","Fantasy Wizard","searchEmpty","2","NO","My scrying fails to find thy quarry!"
"Legacy character pack","Fantasy Wizard","searchEmpty","3","NO","The mists clear, yet nothing appears!"
"Legacy character pack","Fantasy Wizard","searchLoading","1","YES","Consulting the ancient tomes..."
"Legacy character pack","Fantasy Wizard","searchLoading","2","YES","The crystal ball swirls with visions..."
"Legacy character pack","Fantasy Wizard","searchLoading","3","YES","Channeling the search enchantment..."
"Legacy character pack","Fantasy Wizard","errorGeneric","1","YES","A dark force disrupts the spell!"
"Legacy character pack","Fantasy Wizard","errorGeneric","2","YES","The enchantment falters! Try again!"
"Legacy character pack","Fantasy Wizard","errorGeneric","3","YES","Chaos magic interferes! Retry, seeker!"
"Legacy character pack","Fantasy Wizard","errorNetwork","1","NO","The ethereal connection is severed!"
"Legacy character pack","Fantasy Wizard","errorNetwork","2","NO","The magical network has collapsed!"
"Legacy character pack","Fantasy Wizard","errorNetwork","3","NO","Our link to the arcane realm wavers!"
"Legacy character pack","Fantasy Wizard","errorNotFound","1","NO","Lost in the dimensional void!"
"Legacy character pack","Fantasy Wizard","errorNotFound","2","NO","The item has been spirited away!"
"Legacy character pack","Fantasy Wizard","errorNotFound","3","NO","Not found in any plane of existence!"
"Legacy character pack","Fantasy Wizard","successSave","1","NO","Preserved in crystalline stasis!"
"Legacy character pack","Fantasy Wizard","successSave","2","NO","Sealed with protective wards!"
"Legacy character pack","Fantasy Wizard","successSave","3","NO","Saved by ancient enchantments!"
"Legacy character pack","Fantasy Wizard","successImport","1","NO","Summoned from distant realms!"
"Legacy character pack","Fantasy Wizard","successImport","2","NO","The portal delivers thy treasures!"
"Legacy character pack","Fantasy Wizard","successImport","3","NO","Imported through arcane channels!"
"Legacy character pack","Fantasy Wizard","successExport","1","NO","Dispatched through mystical portals!"
"Legacy character pack","Fantasy Wizard","successExport","2","NO","Sent forth on ethereal winds!"
"Legacy character pack","Fantasy Wizard","successExport","3","NO","The export spell is complete!"
"Legacy character pack","Fantasy Wizard","marquee1","1","NO","Discover magical tales untold!"
"Legacy character pack","Fantasy Wizard","marquee1","2","NO","Seek wonders in the streaming cosmos!"
"Legacy character pack","Fantasy Wizard","marquee1","3","NO","Adventures await the worthy seeker!"
"Legacy character pack","Fantasy Wizard","marquee2","1","NO","Catalogue thy magical journeys!"
"Legacy character pack","Fantasy Wizard","marquee2","2","NO","The ledger of legends awaits!"
"Legacy character pack","Fantasy Wizard","marquee2","3","NO","Track thy quests through realms!"
"Legacy character pack","Fantasy Wizard","marquee3","1","NO","New visions emerge from the mist!"
"Legacy character pack","Fantasy Wizard","marquee3","2","NO","Fresh prophecies unfold!"
"Legacy character pack","Fantasy Wizard","marquee3","3","NO","The saga continues in new chapters!"
"Legacy character pack","Fantasy Wizard","marquee4","1","NO","Uncover arcane entertainments!"
"Legacy character pack","Fantasy Wizard","marquee4","2","NO","What mysteries shall you discover?"
"Legacy character pack","Fantasy Wizard","marquee4","3","NO","New realms await exploration!"
"Legacy character pack","Fantasy Wizard","marquee5","1","NO","Thy mystical entertainment sanctum!"
"Legacy character pack","Fantasy Wizard","marquee5","2","NO","Where streaming meets sorcery!"
"Legacy character pack","Fantasy Wizard","marquee5","3","NO","The wizard's choice for shows!"
